Experiment,m,n,Condition Number,Sparsity,Sparsity Pattern,Spectrum,Lambda,Solver,Time (s),Iterations,Residual,Relative Error,Run,Info
1,1000,100,10,0.8,random,linear,1.0,Direct,0.0028351405635476112,1,2.3845361752645324,0.9266990590730771,1,
1,1000,100,10,0.8,random,linear,1.0,Direct,0.0022984370589256287,1,2.3694687884147645,0.9361368809626935,2,
1,1000,100,10,0.8,random,linear,1.0,Direct,0.0022854567505419254,1,2.5701728878304353,0.9307282248276745,3,
1,1000,100,10,0.8,random,linear,1.0,Direct,0.0023322668857872486,1,2.3921899147377905,0.9313375951966949,4,
1,1000,100,10,0.8,random,linear,1.0,Direct,0.0022964379750192165,1,2.2996977785501755,0.9347178515530556,5,
1,1000,100,10,0.8,random,linear,1.0,Direct,0.0023125167936086655,1,2.6373359975390747,0.9328925517904224,6,
1,1000,100,10,0.8,random,linear,1.0,Direct,0.0022744080051779747,1,2.5133624717830845,0.9333080621672153,7,
1,1000,100,10,0.8,random,linear,1.0,Direct,0.002322416752576828,1,2.4646891902324155,0.9352114560195887,8,
1,1000,100,10,0.8,random,linear,1.0,Direct,0.00227087689563632,1,2.7289370045754064,0.9317171005714567,9,
1,1000,100,10,0.8,random,linear,1.0,Direct,0.002277856692671776,1,2.359267699373565,0.9393532175554864,10,
1,1000,100,10,0.8,random,linear,1.0,CG,0.00045733433216810226,6,2.3845361752645324,0.9266990590728518,1,0.0
1,1000,100,10,0.8,random,linear,1.0,CG,0.0002819215878844261,5,2.3694687884147645,0.9361368809671768,2,0.0
1,1000,100,10,0.8,random,linear,1.0,CG,0.00025251181796193123,5,2.5701728878304357,0.9307282248351143,3,0.0
1,1000,100,10,0.8,random,linear,1.0,CG,0.0002716919407248497,6,2.392189914737791,0.9313375951965445,4,0.0
1,1000,100,10,0.8,random,linear,1.0,CG,0.0002732817083597183,6,2.299697778550176,0.9347178515531499,5,0.0
1,1000,100,10,0.8,random,linear,1.0,CG,0.00025822222232818604,5,2.6373359975390747,0.9328925517943725,6,0.0
1,1000,100,10,0.8,random,linear,1.0,CG,0.00025517214089632034,5,2.513362471783085,0.9333080621699111,7,0.0
1,1000,100,10,0.8,random,linear,1.0,CG,0.00027611199766397476,6,2.464689190232415,0.9352114560196453,8,0.0
1,1000,100,10,0.8,random,linear,1.0,CG,0.00026200199499726295,5,2.728937004575407,0.9317171005764372,9,0.0
1,1000,100,10,0.8,random,linear,1.0,CG,0.0002693021669983864,6,2.359267699373565,0.9393532175555689,10,0.0
1,1000,100,10,0.8,random,linear,1.0,LSQR,0.0007877359166741371,5,2.3845361752645324,0.9266990590772327,1,
1,1000,100,10,0.8,random,linear,1.0,LSQR,0.0007461751811206341,5,2.3694687884147645,0.9361368809671768,2,
1,1000,100,10,0.8,random,linear,1.0,LSQR,0.0007571559399366379,5,2.5701728878304357,0.9307282248351143,3,
1,1000,100,10,0.8,random,linear,1.0,LSQR,0.0007419958710670471,5,2.392189914737791,0.9313375951997794,4,
1,1000,100,10,0.8,random,linear,1.0,LSQR,0.0007304549217224121,5,2.299697778550176,0.9347178515586005,5,
1,1000,100,10,0.8,random,linear,1.0,LSQR,0.0007536658085882664,5,2.6373359975390747,0.9328925517943725,6,
1,1000,100,10,0.8,random,linear,1.0,LSQR,0.000736176036298275,5,2.513362471783085,0.9333080621699111,7,
1,1000,100,10,0.8,random,linear,1.0,LSQR,0.0007465151138603687,5,2.4646891902324155,0.9352114560308851,8,
1,1000,100,10,0.8,random,linear,1.0,LSQR,0.0007194150239229202,5,2.728937004575407,0.9317171005764372,9,
1,1000,100,10,0.8,random,linear,1.0,LSQR,0.0007322649471461773,5,2.359267699373565,0.9393532175598032,10,
1,1000,100,10,0.8,random,linear,1.0,LSMR,0.0007894448935985565,5,2.384536175264533,0.926699059077735,1,
1,1000,100,10,0.8,random,linear,1.0,LSMR,0.0007460447959601879,5,2.369468788414765,0.9361368809675031,2,
1,1000,100,10,0.8,random,linear,1.0,LSMR,0.0007688258774578571,5,2.570172887830436,0.9307282248355114,3,
1,1000,100,10,0.8,random,linear,1.0,LSMR,0.0007692063227295876,5,2.392189914737792,0.9313375952003563,4,
1,1000,100,10,0.8,random,linear,1.0,LSMR,0.0007482850924134254,5,2.2996977785501764,0.934717851559147,5,
1,1000,100,10,0.8,random,linear,1.0,LSMR,0.0007656360976397991,5,2.637335997539075,0.9328925517946927,6,
1,1000,100,10,0.8,random,linear,1.0,LSMR,0.0007581859827041626,5,2.5133624717830854,0.9333080621703194,7,
1,1000,100,10,0.8,random,linear,1.0,LSMR,0.0007680058479309082,5,2.4646891902324155,0.9352114560314421,8,
1,1000,100,10,0.8,random,linear,1.0,LSMR,0.0007283259183168411,5,2.728937004575407,0.9317171005767341,9,
1,1000,100,10,0.8,random,linear,1.0,LSMR,0.0012527690269052982,5,2.3592676993735653,0.9393532175602941,10,
2,1000,100,10,0.8,random,exponential,1.0,Direct,0.0026259589940309525,1,1.926098329525422,0.9540520042997097,1,
2,1000,100,10,0.8,random,exponential,1.0,Direct,0.002304636873304844,1,1.9030043835310952,0.9603026487948972,2,
2,1000,100,10,0.8,random,exponential,1.0,Direct,0.0023367078974843025,1,2.0117647778626733,0.9592383213546464,3,
2,1000,100,10,0.8,random,exponential,1.0,Direct,0.002323957160115242,1,1.8818145658998504,0.9591936660480076,4,
2,1000,100,10,0.8,random,exponential,1.0,Direct,0.0022958368062973022,1,1.824707969008123,0.9605831992994454,5,
2,1000,100,10,0.8,random,exponential,1.0,Direct,0.0022931681014597416,1,2.0716656099587416,0.9600849742639642,6,
2,1000,100,10,0.8,random,exponential,1.0,Direct,0.0023236279375851154,1,1.9910655988940087,0.9598444970324007,7,
2,1000,100,10,0.8,random,exponential,1.0,Direct,0.002339608035981655,1,1.9134632662038176,0.9624567480791187,8,
2,1000,100,10,0.8,random,exponential,1.0,Direct,0.0023090881295502186,1,2.18608842577124,0.9577110815978095,9,
2,1000,100,10,0.8,random,exponential,1.0,Direct,0.0022790981456637383,1,1.8532264985371083,0.9639051161493556,10,
2,1000,100,10,0.8,random,exponential,1.0,CG,0.00033467216417193413,5,1.9260983295254217,0.9540520043011382,1,0.0
2,1000,100,10,0.8,random,exponential,1.0,CG,0.0002768319100141525,5,1.9030043835310952,0.9603026487953731,2,0.0
2,1000,100,10,0.8,random,exponential,1.0,CG,0.00026825210079550743,5,2.0117647778626733,0.9592383213564072,3,0.0
2,1000,100,10,0.8,random,exponential,1.0,CG,0.000269272830337286,5,1.8818145658998504,0.959193666049348,4,0.0
2,1000,100,10,0.8,random,exponential,1.0,CG,0.00026106229051947594,5,1.824707969008123,0.9605831993012215,5,0.0
2,1000,100,10,0.8,random,exponential,1.0,CG,0.0002549118362367153,5,2.0716656099587416,0.9600849742644857,6,0.0
2,1000,100,10,0.8,random,exponential,1.0,CG,0.00025715166702866554,5,1.991065598894009,0.9598444970336244,7,0.0
2,1000,100,10,0.8,random,exponential,1.0,CG,0.0002550417557358742,5,1.9134632662038176,0.9624567480807226,8,0.0
2,1000,100,10,0.8,random,exponential,1.0,CG,0.00025390181690454483,5,2.18608842577124,0.9577110815985591,9,0.0
2,1000,100,10,0.8,random,exponential,1.0,CG,0.0002456218935549259,5,1.853226498537108,0.9639051161501303,10,0.0
2,1000,100,10,0.8,random,exponential,1.0,LSQR,0.0007951259613037109,5,1.9260983295254217,0.9540520043011382,1,
2,1000,100,10,0.8,random,exponential,1.0,LSQR,0.000722766388207674,5,1.9030043835310952,0.9603026487953731,2,
2,1000,100,10,0.8,random,exponential,1.0,LSQR,0.0007441556081175804,5,2.0117647778626733,0.9592383213564072,3,
2,1000,100,10,0.8,random,exponential,1.0,LSQR,0.0007238350808620453,5,1.8818145658998504,0.959193666049348,4,
2,1000,100,10,0.8,random,exponential,1.0,LSQR,0.0007120450027287006,5,1.824707969008123,0.9605831993012215,5,
2,1000,100,10,0.8,random,exponential,1.0,LSQR,0.0007321052253246307,5,2.0716656099587416,0.9600849742644857,6,
2,1000,100,10,0.8,random,exponential,1.0,LSQR,0.0007250248454511166,5,1.991065598894009,0.9598444970336244,7,
2,1000,100,10,0.8,random,exponential,1.0,LSQR,0.0007348246872425079,5,1.9134632662038176,0.9624567480807226,8,
2,1000,100,10,0.8,random,exponential,1.0,LSQR,0.0007106959819793701,5,2.18608842577124,0.9577110815985591,9,
2,1000,100,10,0.8,random,exponential,1.0,LSQR,0.0007127760909497738,5,1.853226498537108,0.9639051161501301,10,
2,1000,100,10,0.8,random,exponential,1.0,LSMR,0.0007843049243092537,5,1.926098329525422,0.954052004301211,1,
2,1000,100,10,0.8,random,exponential,1.0,LSMR,0.0007470259442925453,5,1.9030043835310952,0.9603026487954266,2,
2,1000,100,10,0.8,random,exponential,1.0,LSMR,0.0007582851685583591,5,2.0117647778626733,0.95923832135648,3,
2,1000,100,10,0.8,random,exponential,1.0,LSMR,0.0007651560008525848,5,1.8818145658998504,0.9591936660494175,4,
2,1000,100,10,0.8,random,exponential,1.0,LSMR,0.0007404359057545662,5,1.8247079690081232,0.9605831993012959,5,
2,1000,100,10,0.8,random,exponential,1.0,LSMR,0.0007613049820065498,5,2.071665609958741,0.9600849742645251,6,
2,1000,100,10,0.8,random,exponential,1.0,LSMR,0.0007476359605789185,5,1.991065598894009,0.959844497033678,7,
2,1000,100,10,0.8,random,exponential,1.0,LSMR,0.0007582660764455795,5,1.9134632662038173,0.9624567480807834,8,
2,1000,100,10,0.8,random,exponential,1.0,LSMR,0.00079310592263937,5,2.18608842577124,0.9577110815985913,9,
2,1000,100,10,0.8,random,exponential,1.0,LSMR,0.0007652649655938148,5,1.8532264985371083,0.9639051161501866,10,
3,1000,100,10,0.8,random,polynomial,1.0,Direct,0.002367677167057991,1,1.9866773466804053,0.9508458325082193,1,
3,1000,100,10,0.8,random,polynomial,1.0,Direct,0.0022741169668734074,1,1.9646061869409495,0.9574900973236001,2,
3,1000,100,10,0.8,random,polynomial,1.0,Direct,0.0022892868146300316,1,2.080669636857238,0.9561951614666101,3,
3,1000,100,10,0.8,random,polynomial,1.0,Direct,0.002336468081921339,1,1.944778975218207,0.9561917844916725,4,
3,1000,100,10,0.8,random,polynomial,1.0,Direct,0.0022887070663273335,1,1.8897121080464807,0.9574687458197235,5,
3,1000,100,10,0.8,random,polynomial,1.0,Direct,0.0022907680831849575,1,2.1425336911404433,0.9571107101486738,6,
3,1000,100,10,0.8,random,polynomial,1.0,Direct,0.0022849971428513527,1,2.0565985189922746,0.9569456142688393,7,
3,1000,100,10,0.8,random,polynomial,1.0,Direct,0.002304126974195242,1,1.9729691059022987,0.9598941025019453,8,
3,1000,100,10,0.8,random,polynomial,1.0,Direct,0.00227532722055912,1,2.2627668484406915,0.9544556225722564,9,
3,1000,100,10,0.8,random,polynomial,1.0,Direct,0.0022875871509313583,1,1.9133122744656552,0.9613718788898594,10,
3,1000,100,10,0.8,random,polynomial,1.0,CG,0.00027280207723379135,5,1.9866773466804055,0.9508458325100043,1,0.0
3,1000,100,10,0.8,random,polynomial,1.0,CG,0.000275392085313797,5,1.9646061869409492,0.9574900973242131,2,0.0
3,1000,100,10,0.8,random,polynomial,1.0,CG,0.00026434194296598434,5,2.0806696368572384,0.9561951614688153,3,0.0
3,1000,100,10,0.8,random,polynomial,1.0,CG,0.00026505207642912865,5,1.9447789752182068,0.95619178449332,4,0.0
3,1000,100,10,0.8,random,polynomial,1.0,CG,0.00024996232241392136,5,1.8897121080464807,0.9574687458217884,5,0.0
3,1000,100,10,0.8,random,polynomial,1.0,CG,0.00026212213560938835,5,2.142533691140443,0.9571107101493388,6,0.0
3,1000,100,10,0.8,random,polynomial,1.0,CG,0.00026458175852894783,5,2.0565985189922746,0.956945614270631,7,0.0
3,1000,100,10,0.8,random,polynomial,1.0,CG,0.0005260542966425419,5,1.972969105902299,0.9598941025040888,8,0.0
3,1000,100,10,0.8,random,polynomial,1.0,CG,0.0002716020680963993,5,2.2627668484406915,0.954455622573237,9,0.0
3,1000,100,10,0.8,random,polynomial,1.0,CG,0.000262201763689518,5,1.9133122744656552,0.9613718788909383,10,0.0
3,1000,100,10,0.8,random,polynomial,1.0,LSQR,0.0007701050490140915,5,1.9866773466804053,0.9508458325100043,1,
3,1000,100,10,0.8,random,polynomial,1.0,LSQR,0.0007392852567136288,5,1.9646061869409492,0.9574900973242131,2,
3,1000,100,10,0.8,random,polynomial,1.0,LSQR,0.0007361248135566711,5,2.0806696368572384,0.9561951614688153,3,
3,1000,100,10,0.8,random,polynomial,1.0,LSQR,0.0007426552474498749,5,1.9447789752182068,0.95619178449332,4,
3,1000,100,10,0.8,random,polynomial,1.0,LSQR,0.0007177856750786304,5,1.8897121080464807,0.9574687458217884,5,
3,1000,100,10,0.8,random,polynomial,1.0,LSQR,0.0007506348192691803,5,2.142533691140443,0.9571107101493388,6,
3,1000,100,10,0.8,random,polynomial,1.0,LSQR,0.0007182862609624863,5,2.0565985189922746,0.956945614270631,7,
3,1000,100,10,0.8,random,polynomial,1.0,LSQR,0.0007514860481023788,5,1.972969105902299,0.959894102504089,8,
3,1000,100,10,0.8,random,polynomial,1.0,LSQR,0.0007250458002090454,5,2.2627668484406915,0.954455622573237,9,
3,1000,100,10,0.8,random,polynomial,1.0,LSQR,0.0007124850526452065,5,1.9133122744656552,0.9613718788909383,10,
3,1000,100,10,0.8,random,polynomial,1.0,LSMR,0.0007693562656641006,5,1.9866773466804053,0.9508458325100944,1,
3,1000,100,10,0.8,random,polynomial,1.0,LSMR,0.0007520350627601147,5,1.9646061869409495,0.9574900973242841,2,
3,1000,100,10,0.8,random,polynomial,1.0,LSMR,0.0007415153086185455,5,2.0806696368572384,0.9561951614689127,3,
3,1000,100,10,0.8,random,polynomial,1.0,LSMR,0.0007415651343762875,5,1.9447789752182068,0.956191784493419,4,
3,1000,100,10,0.8,random,polynomial,1.0,LSMR,0.0007226746529340744,5,1.8897121080464807,0.9574687458218997,5,
3,1000,100,10,0.8,random,polynomial,1.0,LSMR,0.0007465849630534649,5,2.142533691140443,0.9571107101493959,6,
3,1000,100,10,0.8,random,polynomial,1.0,LSMR,0.0007344451732933521,5,2.0565985189922746,0.9569456142707202,7,
3,1000,100,10,0.8,random,polynomial,1.0,LSMR,0.0007591149769723415,5,1.9729691059022987,0.9598941025041732,8,
3,1000,100,10,0.8,random,polynomial,1.0,LSMR,0.0007318858988583088,5,2.2627668484406915,0.9544556225732824,9,
3,1000,100,10,0.8,random,polynomial,1.0,LSMR,0.0007552751339972019,5,1.913312274465655,0.9613718788910286,10,
4,1000,100,10,0.8,random,clustered,1.0,Direct,0.002363637089729309,1,2.3700064708722635,0.9274280334016544,1,
4,1000,100,10,0.8,random,clustered,1.0,Direct,0.0023051677271723747,1,2.3468569089468883,0.9374582346132906,2,
4,1000,100,10,0.8,random,clustered,1.0,Direct,0.0023095570504665375,1,2.478837120280171,0.9358361590768923,3,
4,1000,100,10,0.8,random,clustered,1.0,Direct,0.002367897890508175,1,2.3098996698564664,0.9362851168515819,4,
4,1000,100,10,0.8,random,clustered,1.0,Direct,0.002312788274139166,1,2.3011140445335396,0.9344119400258262,5,
4,1000,100,10,0.8,random,clustered,1.0,Direct,0.00232275715097785,1,2.5807492846436504,0.935907329344215,6,
4,1000,100,10,0.8,random,clustered,1.0,Direct,0.0022895270958542824,1,2.468930526841316,0.9359558916279332,7,
4,1000,100,10,0.8,random,clustered,1.0,Direct,0.002335367724299431,1,2.3875049989722044,0.9392905199842649,8,
4,1000,100,10,0.8,random,clustered,1.0,Direct,0.0023078271187841892,1,2.7789508451344016,0.9287299393501067,9,
4,1000,100,10,0.8,random,clustered,1.0,Direct,0.00229446729645133,1,2.3048236046833055,0.9423153551067492,10,
4,1000,100,10,0.8,random,clustered,1.0,CG,0.0002862517721951008,6,2.370006470872264,0.9274280334017159,1,0.0
4,1000,100,10,0.8,random,clustered,1.0,CG,0.00029842182993888855,6,2.346856908946888,0.937458234613436,2,0.0
4,1000,100,10,0.8,random,clustered,1.0,CG,0.00027797184884548187,6,2.478837120280171,0.9358361590769764,3,0.0
4,1000,100,10,0.8,random,clustered,1.0,CG,0.0002785520628094673,6,2.3098996698564664,0.936285116851785,4,0.0
4,1000,100,10,0.8,random,clustered,1.0,CG,0.00028248224407434464,6,2.3011140445335396,0.934411940025828,5,0.0
4,1000,100,10,0.8,random,clustered,1.0,CG,0.00027602165937423706,6,2.5807492846436495,0.9359073293441622,6,0.0
4,1000,100,10,0.8,random,clustered,1.0,CG,0.00027567287907004356,6,2.468930526841316,0.9359558916280922,7,0.0
4,1000,100,10,0.8,random,clustered,1.0,CG,0.00027200207114219666,6,2.387504998972205,0.9392905199846342,8,0.0
4,1000,100,10,0.8,random,clustered,1.0,CG,0.00028209201991558075,6,2.778950845134402,0.9287299393503142,9,0.0
4,1000,100,10,0.8,random,clustered,1.0,CG,0.0002798917703330517,6,2.304823604683305,0.9423153551065163,10,0.0
4,1000,100,10,0.8,random,clustered,1.0,LSQR,0.0007741563022136688,5,2.3700064708722643,0.9274280334175085,1,
4,1000,100,10,0.8,random,clustered,1.0,LSQR,0.0007436759769916534,5,2.3468569089468883,0.9374582346257901,2,
4,1000,100,10,0.8,random,clustered,1.0,LSQR,0.0007354752160608768,5,2.4788371202801716,0.9358361590942941,3,
4,1000,100,10,0.8,random,clustered,1.0,LSQR,0.0007366649806499481,5,2.309899669856467,0.9362851168608529,4,
4,1000,100,10,0.8,random,clustered,1.0,LSQR,0.0007066354155540466,5,2.30111404453354,0.934411940038691,5,
4,1000,100,10,0.8,random,clustered,1.0,LSQR,0.0007293452508747578,5,2.58074928464365,0.9359073293484038,6,
4,1000,100,10,0.8,random,clustered,1.0,LSQR,0.0007310360670089722,5,2.4689305268413166,0.9359558916466827,7,
4,1000,100,10,0.8,random,clustered,1.0,LSQR,0.0007389760576188564,5,2.387504998972205,0.9392905200000107,8,
4,1000,100,10,0.8,random,clustered,1.0,LSQR,0.000731075182557106,5,2.7789508451344025,0.9287299393682082,9,
4,1000,100,10,0.8,random,clustered,1.0,LSQR,0.0007417351007461548,5,2.3048236046833055,0.9423153551120684,10,
4,1000,100,10,0.8,random,clustered,1.0,LSMR,0.0007805749773979187,5,2.3700064708722657,0.9274280334190106,1,
4,1000,100,10,0.8,random,clustered,1.0,LSMR,0.0007393457926809788,5,2.3468569089468896,0.9374582346268477,2,
4,1000,100,10,0.8,random,clustered,1.0,LSMR,0.0007579461671411991,5,2.4788371202801724,0.9358361590955366,3,
4,1000,100,10,0.8,random,clustered,1.0,LSMR,0.0007627559825778008,5,2.3098996698564678,0.9362851168620707,4,
4,1000,100,10,0.8,random,clustered,1.0,LSMR,0.00074759591370821,5,2.301114044533541,0.9344119400402591,5,
4,1000,100,10,0.8,random,clustered,1.0,LSMR,0.0007671159692108631,5,2.5807492846436504,0.9359073293488503,6,
4,1000,100,10,0.8,random,clustered,1.0,LSMR,0.0007437858730554581,5,2.4689305268413175,0.935955891647859,7,
4,1000,100,10,0.8,random,clustered,1.0,LSMR,0.0008703661151230335,6,2.387504998972205,0.939290519984647,8,
4,1000,100,10,0.8,random,clustered,1.0,LSMR,0.0007363660261034966,5,2.778950845134404,0.9287299393691654,9,
4,1000,100,10,0.8,random,clustered,1.0,LSMR,0.000833605881780386,6,2.3048236046833055,0.9423153551065246,10,
5,1000,100,10,0.8,banded,linear,1.0,Direct,0.0009110867977142334,1,1.2368686468052192,0.9822068254689662,1,
5,1000,100,10,0.8,banded,linear,1.0,Direct,0.0008565466850996017,1,1.2168715260584209,0.9844895398942913,2,
5,1000,100,10,0.8,banded,linear,1.0,Direct,0.0008344361558556557,1,1.221248737907895,0.9859295367878388,3,
5,1000,100,10,0.8,banded,linear,1.0,Direct,0.0008407169952988625,1,1.0614657778246026,0.9880700478236456,4,
5,1000,100,10,0.8,banded,linear,1.0,Direct,0.00086220633238554,1,1.0537970671318442,0.9881100735987803,5,
5,1000,100,10,0.8,banded,linear,1.0,Direct,0.0008473461493849754,1,1.2333569026732167,0.9868655940010497,6,
5,1000,100,10,0.8,banded,linear,1.0,Direct,0.0008527357131242752,1,1.1484209830082053,0.9877266832277903,7,
5,1000,100,10,0.8,banded,linear,1.0,Direct,0.0008359961211681366,1,1.1098823542430547,0.9883530435881285,8,
5,1000,100,10,0.8,banded,linear,1.0,Direct,0.0008442862890660763,1,1.399235013191846,0.983596708281721,9,
5,1000,100,10,0.8,banded,linear,1.0,Direct,0.0008372771553695202,1,1.055890107102726,0.9892959200450229,10,
5,1000,100,10,0.8,banded,linear,1.0,CG,0.0002653817646205425,5,1.2368686468052192,0.9822068254721125,1,0.0
5,1000,100,10,0.8,banded,linear,1.0,CG,0.000246542040258646,5,1.216871526058421,0.9844895398976802,2,0.0
5,1000,100,10,0.8,banded,linear,1.0,CG,0.00024560093879699707,5,1.221248737907895,0.9859295367888559,3,0.0
5,1000,100,10,0.8,banded,linear,1.0,CG,0.00023469189181923866,5,1.0614657778246026,0.9880700478246405,4,0.0
5,1000,100,10,0.8,banded,linear,1.0,CG,0.00024330243468284607,5,1.0537970671318444,0.9881100735998196,5,0.0
5,1000,100,10,0.8,banded,linear,1.0,CG,0.0002394719049334526,5,1.2333569026732167,0.9868655940042482,6,0.0
5,1000,100,10,0.8,banded,linear,1.0,CG,0.0002475818619132042,5,1.1484209830082053,0.9877266832289078,7,0.0
5,1000,100,10,0.8,banded,linear,1.0,CG,0.0002585221081972122,5,1.109882354243055,0.9883530435899152,8,0.0
5,1000,100,10,0.8,banded,linear,1.0,CG,0.00023984163999557495,5,1.399235013191846,0.9835967082848314,9,0.0
5,1000,100,10,0.8,banded,linear,1.0,CG,0.00024460209533572197,5,1.055890107102726,0.9892959200470577,10,0.0
5,1000,100,10,0.8,banded,linear,1.0,LSQR,0.0004527531564235687,4,1.23686864680522,0.9822068257497993,1,
5,1000,100,10,0.8,banded,linear,1.0,LSQR,0.0004330528900027275,4,1.2168715260584217,0.9844895401401447,2,
5,1000,100,10,0.8,banded,linear,1.0,LSQR,0.0004294831305742264,4,1.221248737907895,0.985929536881965,3,
5,1000,100,10,0.8,banded,linear,1.0,LSQR,0.0004285629838705063,4,1.0614657778246028,0.9880700479094896,4,
5,1000,100,10,0.8,banded,linear,1.0,LSQR,0.00042413314804434776,4,1.0537970671318444,0.9881100737063471,5,
5,1000,100,10,0.8,banded,linear,1.0,LSQR,0.00042804330587387085,4,1.2333569026732172,0.9868655942561603,6,
5,1000,100,10,0.8,banded,linear,1.0,LSQR,0.0004496229812502861,4,1.1484209830082055,0.987726683348731,7,
5,1000,100,10,0.8,banded,linear,1.0,LSQR,0.00043251272290945053,4,1.1098823542430551,0.9883530437239997,8,
5,1000,100,10,0.8,banded,linear,1.0,LSQR,0.00041686277836561203,4,1.3992350131918465,0.9835967085208507,9,
5,1000,100,10,0.8,banded,linear,1.0,LSQR,0.0004306328482925892,4,1.0558901071027265,0.9892959201917547,10,
5,1000,100,10,0.8,banded,linear,1.0,LSMR,0.0005434746854007244,5,1.2368686468052192,0.9822068254721709,1,
5,1000,100,10,0.8,banded,linear,1.0,LSMR,0.0005143140442669392,5,1.216871526058421,0.9844895398977546,2,
5,1000,100,10,0.8,banded,linear,1.0,LSMR,0.0005112639628350735,5,1.221248737907895,0.9859295367888771,3,
5,1000,100,10,0.8,banded,linear,1.0,LSMR,0.0005247038789093494,5,1.0614657778246026,0.9880700478246512,4,
5,1000,100,10,0.8,banded,linear,1.0,LSMR,0.0004997043870389462,5,1.0537970671318444,0.98811007359984,5,
5,1000,100,10,0.8,banded,linear,1.0,LSMR,0.0005054539069533348,5,1.2333569026732167,0.9868655940042985,6,
5,1000,100,10,0.8,banded,linear,1.0,LSMR,0.0005212039686739445,5,1.1484209830082055,0.9877266832289223,7,
5,1000,100,10,0.8,banded,linear,1.0,LSMR,0.0005108625628054142,5,1.109882354243055,0.988353043589946,8,
5,1000,100,10,0.8,banded,linear,1.0,LSMR,0.000518453773111105,5,1.3992350131918458,0.9835967082848863,9,
5,1000,100,10,0.8,banded,linear,1.0,LSMR,0.000545743852853775,5,1.055890107102726,0.9892959200470944,10,
6,1000,100,10,0.8,banded,exponential,1.0,Direct,0.0009187571704387665,1,0.9989957490535808,0.9889204306166829,1,
6,1000,100,10,0.8,banded,exponential,1.0,Direct,0.0008689970709383488,1,0.9683108722561586,0.9906045007368434,2,
6,1000,100,10,0.8,banded,exponential,1.0,Direct,0.0008633062243461609,1,0.9872305941344455,0.991244413372281,3,
6,1000,100,10,0.8,banded,exponential,1.0,Direct,0.001173608936369419,1,0.8161903165341562,0.9934057921395693,4,
6,1000,100,10,0.8,banded,exponential,1.0,Direct,0.0008730669505894184,1,0.8540899040820149,0.9926955557444365,5,
6,1000,100,10,0.8,banded,exponential,1.0,Direct,0.0008720569312572479,1,0.9635024344745977,0.992403751154805,6,
6,1000,100,10,0.8,banded,exponential,1.0,Direct,0.0008697961457073689,1,0.8882078048228105,0.9931839815510279,7,
6,1000,100,10,0.8,banded,exponential,1.0,Direct,0.0008732159622013569,1,0.8802503955746491,0.9931431330076766,8,
6,1000,100,10,0.8,banded,exponential,1.0,Direct,0.0008488371968269348,1,1.1171020700721166,0.9899351141647308,9,
6,1000,100,10,0.8,banded,exponential,1.0,Direct,0.0008415272459387779,1,0.8068042022170514,0.9942086691892471,10,
6,1000,100,10,0.8,banded,exponential,1.0,CG,0.0003685019910335541,5,0.9989957490535808,0.9889204306169758,1,0.0
6,1000,100,10,0.8,banded,exponential,1.0,CG,0.0002591121010482311,5,0.9683108722561586,0.9906045007371368,2,0.0
6,1000,100,10,0.8,banded,exponential,1.0,CG,0.0002492023631930351,4,0.9872305941344454,0.9912444133875592,3,0.0
6,1000,100,10,0.8,banded,exponential,1.0,CG,0.00023093214258551598,4,0.8161903165341561,0.9934057921512055,4,0.0
6,1000,100,10,0.8,banded,exponential,1.0,CG,0.0002416018396615982,4,0.8540899040820148,0.9926955557545116,5,0.0
6,1000,100,10,0.8,banded,exponential,1.0,CG,0.0002439715899527073,5,0.9635024344745977,0.992403751155041,6,0.0
6,1000,100,10,0.8,banded,exponential,1.0,CG,0.0002264212816953659,4,0.8882078048228106,0.9931839815665556,7,0.0
6,1000,100,10,0.8,banded,exponential,1.0,CG,0.00023440178483724594,4,0.8802503955746491,0.9931431330251991,8,0.0
6,1000,100,10,0.8,banded,exponential,1.0,CG,0.0002284911461174488,4,1.1171020700721166,0.9899351141949401,9,0.0
6,1000,100,10,0.8,banded,exponential,1.0,CG,0.00023090187460184097,4,0.8068042022170515,0.994208669204656,10,0.0
6,1000,100,10,0.8,banded,exponential,1.0,LSQR,0.000519143883138895,4,0.9989957490535808,0.9889204306517917,1,
6,1000,100,10,0.8,banded,exponential,1.0,LSQR,0.0004344838671386242,4,0.9683108722561586,0.9906045007758417,2,
6,1000,100,10,0.8,banded,exponential,1.0,LSQR,0.0004419330507516861,4,0.9872305941344454,0.9912444133875592,3,
6,1000,100,10,0.8,banded,exponential,1.0,LSQR,0.0004351530224084854,4,0.8161903165341562,0.9934057921512055,4,
6,1000,100,10,0.8,banded,exponential,1.0,LSQR,0.00044473307207226753,4,0.8540899040820148,0.9926955557545116,5,
6,1000,100,10,0.8,banded,exponential,1.0,LSQR,0.00043407268822193146,4,0.9635024344745976,0.9924037511784117,6,
6,1000,100,10,0.8,banded,exponential,1.0,LSQR,0.0004246830940246582,4,0.8882078048228106,0.9931839815665556,7,
6,1000,100,10,0.8,banded,exponential,1.0,LSQR,0.00044100312516093254,4,0.8802503955746491,0.9931431330251991,8,
6,1000,100,10,0.8,banded,exponential,1.0,LSQR,0.000422873068600893,4,1.1171020700721166,0.9899351141949401,9,
6,1000,100,10,0.8,banded,exponential,1.0,LSQR,0.00042383279651403427,4,0.8068042022170515,0.994208669204656,10,
6,1000,100,10,0.8,banded,exponential,1.0,LSMR,0.0004724441096186638,4,0.9989957490535809,0.9889204306522985,1,
6,1000,100,10,0.8,banded,exponential,1.0,LSMR,0.00045531289651989937,4,0.9683108722561588,0.9906045007762871,2,
6,1000,100,10,0.8,banded,exponential,1.0,LSMR,0.00046599283814430237,4,0.9872305941344454,0.991244413387741,3,
6,1000,100,10,0.8,banded,exponential,1.0,LSMR,0.00045041367411613464,4,0.8161903165341562,0.9934057921513368,4,
6,1000,100,10,0.8,banded,exponential,1.0,LSMR,0.00044218311086297035,4,0.8540899040820149,0.9926955557546312,5,
6,1000,100,10,0.8,banded,exponential,1.0,LSMR,0.0004451530985534191,4,0.9635024344745977,0.9924037511787334,6,
6,1000,100,10,0.8,banded,exponential,1.0,LSMR,0.0004490036517381668,4,0.8882078048228106,0.9931839815667328,7,
6,1000,100,10,0.8,banded,exponential,1.0,LSMR,0.00045396387577056885,4,0.8802503955746491,0.9931431330254467,8,
6,1000,100,10,0.8,banded,exponential,1.0,LSMR,0.0004538637585937977,4,1.1171020700721166,0.9899351141952333,9,
6,1000,100,10,0.8,banded,exponential,1.0,LSMR,0.0004842742346227169,4,0.8068042022170515,0.9942086692048783,10,
7,1000,100,10,0.8,banded,polynomial,1.0,Direct,0.0009182360954582691,1,1.0361883652627157,0.9879834994973496,1,
7,1000,100,10,0.8,banded,polynomial,1.0,Direct,0.0008670371025800705,1,1.002859272757406,0.9898346496059501,2,
7,1000,100,10,0.8,banded,polynomial,1.0,Direct,0.0008584270253777504,1,1.023059296536872,0.9905156082668493,3,
7,1000,100,10,0.8,banded,polynomial,1.0,Direct,0.0008502560667693615,1,0.8432466525293321,0.9928911595281724,4,
7,1000,100,10,0.8,banded,polynomial,1.0,Direct,0.0008403160609304905,1,0.8785046485715785,0.9921898615108263,5,
7,1000,100,10,0.8,banded,polynomial,1.0,Direct,0.0008346359245479107,1,0.9978913751207478,0.9917734115402083,6,
7,1000,100,10,0.8,banded,polynomial,1.0,Direct,0.0008283061906695366,1,0.9147282598575766,0.9926975557373026,7,
7,1000,100,10,0.8,banded,polynomial,1.0,Direct,0.0008446159772574902,1,0.9077607075893829,0.9926319940076052,8,
7,1000,100,10,0.8,banded,polynomial,1.0,Direct,0.0008389558643102646,1,1.1627222927502083,0.9890103632883522,9,
7,1000,100,10,0.8,banded,polynomial,1.0,Direct,0.0008373670279979706,1,0.8318217563117155,0.9937811123920234,10,
7,1000,100,10,0.8,banded,polynomial,1.0,CG,0.0002686823718249798,5,1.0361883652627157,0.9879834994977699,1,0.0
7,1000,100,10,0.8,banded,polynomial,1.0,CG,0.00025049084797501564,5,1.002859272757406,0.989834649606389,2,0.0
7,1000,100,10,0.8,banded,polynomial,1.0,CG,0.00023250095546245575,4,1.023059296536872,0.9905156082876576,3,0.0
7,1000,100,10,0.8,banded,polynomial,1.0,CG,0.00023670215159654617,4,0.8432466525293322,0.9928911595438165,4,0.0
7,1000,100,10,0.8,banded,polynomial,1.0,CG,0.00023074215278029442,4,0.8785046485715785,0.9921898615238884,5,0.0
7,1000,100,10,0.8,banded,polynomial,1.0,CG,0.0002467818558216095,5,0.9978913751207478,0.9917734115405926,6,0.0
7,1000,100,10,0.8,banded,polynomial,1.0,CG,0.00024520186707377434,5,0.9147282598575767,0.992697555737435,7,0.0
7,1000,100,10,0.8,banded,polynomial,1.0,CG,0.0002378113567829132,5,0.9077607075893829,0.9926319940079066,8,0.0
7,1000,100,10,0.8,banded,polynomial,1.0,CG,0.00023893127217888832,5,1.1627222927502083,0.9890103632887075,9,0.0
7,1000,100,10,0.8,banded,polynomial,1.0,CG,0.0002360418438911438,5,0.8318217563117155,0.9937811123922763,10,0.0
7,1000,100,10,0.8,banded,polynomial,1.0,LSQR,0.00046245334669947624,4,1.0361883652627157,0.987983499549051,1,
7,1000,100,10,0.8,banded,polynomial,1.0,LSQR,0.00042328285053372383,4,1.002859272757406,0.9898346496611388,2,
7,1000,100,10,0.8,banded,polynomial,1.0,LSQR,0.00041789421811699867,4,1.023059296536872,0.9905156082876576,3,
7,1000,100,10,0.8,banded,polynomial,1.0,LSQR,0.0004241829738020897,4,0.8432466525293322,0.9928911595438165,4,
7,1000,100,10,0.8,banded,polynomial,1.0,LSQR,0.00041127391159534454,4,0.8785046485715785,0.9921898615238884,5,
7,1000,100,10,0.8,banded,polynomial,1.0,LSQR,0.00042396318167448044,4,0.9978913751207479,0.9917734115769042,6,
7,1000,100,10,0.8,banded,polynomial,1.0,LSQR,0.00043194275349378586,4,0.9147282598575767,0.9926975557583695,7,
7,1000,100,10,0.8,banded,polynomial,1.0,LSQR,0.00042410288006067276,4,0.9077607075893829,0.9926319940351072,8,
7,1000,100,10,0.8,banded,polynomial,1.0,LSQR,0.0004236730746924877,4,1.1627222927502083,0.9890103633326802,9,
7,1000,100,10,0.8,banded,polynomial,1.0,LSQR,0.00042458297684788704,4,0.8318217563117155,0.9937811124128767,10,
7,1000,100,10,0.8,banded,polynomial,1.0,LSMR,0.0004718839190900326,4,1.036188365262716,0.9879834995498238,1,
7,1000,100,10,0.8,banded,polynomial,1.0,LSMR,0.0004535331390798092,4,1.002859272757406,0.9898346496617982,2,
7,1000,100,10,0.8,banded,polynomial,1.0,LSMR,0.00046058325096964836,4,1.023059296536872,0.9905156082879175,3,
7,1000,100,10,0.8,banded,polynomial,1.0,LSMR,0.00044676288962364197,4,0.8432466525293321,0.9928911595439966,4,
7,1000,100,10,0.8,banded,polynomial,1.0,LSMR,0.000456423033028841,4,0.8785046485715785,0.992189861524068,5,
7,1000,100,10,0.8,banded,polynomial,1.0,LSMR,0.0004590628668665886,4,0.9978913751207478,0.9917734115774438,6,
7,1000,100,10,0.8,banded,polynomial,1.0,LSMR,0.00043854396790266037,4,0.9147282598575767,0.992697555758629,7,
7,1000,100,10,0.8,banded,polynomial,1.0,LSMR,0.0004409030079841614,4,0.907760707589383,0.9926319940355326,8,
7,1000,100,10,0.8,banded,polynomial,1.0,LSMR,0.00044632283970713615,4,1.1627222927502086,0.9890103633331588,9,
7,1000,100,10,0.8,banded,polynomial,1.0,LSMR,0.00045354291796684265,4,0.8318217563117155,0.9937811124131921,10,
8,1000,100,10,0.8,banded,clustered,1.0,Direct,0.0008960673585534096,1,1.2816602631342693,0.9808329335019563,1,
8,1000,100,10,0.8,banded,clustered,1.0,Direct,0.0008540358394384384,1,1.2606256526214703,0.9831660032228646,2,
8,1000,100,10,0.8,banded,clustered,1.0,Direct,0.0008643763139843941,1,1.26894375951604,0.9847774796263437,3,
8,1000,100,10,0.8,banded,clustered,1.0,Direct,0.0008401460945606232,1,1.048565964830632,0.988422008901262,4,
8,1000,100,10,0.8,banded,clustered,1.0,Direct,0.000836667139083147,1,1.0268388368499755,0.988795226934235,5,
8,1000,100,10,0.8,banded,clustered,1.0,Direct,0.0008190860971808434,1,1.204742643377973,0.9874856864399469,6,
8,1000,100,10,0.8,banded,clustered,1.0,Direct,0.0008321255445480347,1,1.087968862022471,0.9891586475737064,7,
8,1000,100,10,0.8,banded,clustered,1.0,Direct,0.0008370759896934032,1,1.1075204278349722,0.9884154624453854,8,
8,1000,100,10,0.8,banded,clustered,1.0,Direct,0.000844086054712534,1,1.4829863293815033,0.9813840993403784,9,
8,1000,100,10,0.8,banded,clustered,1.0,Direct,0.0008468367159366608,1,1.0302537485535874,0.989855598189805,10,
8,1000,100,10,0.8,banded,clustered,1.0,CG,0.00028325198218226433,5,1.2816602631342693,0.9808329335092287,1,0.0
8,1000,100,10,0.8,banded,clustered,1.0,CG,0.0002576918341219425,5,1.2606256526214703,0.9831660032275272,2,0.0
8,1000,100,10,0.8,banded,clustered,1.0,CG,0.00024540163576602936,5,1.2689437595160398,0.9847774796289445,3,0.0
8,1000,100,10,0.8,banded,clustered,1.0,CG,0.0002414323389530182,5,1.048565964830632,0.9884220089028711,4,0.0
8,1000,100,10,0.8,banded,clustered,1.0,CG,0.0002393517643213272,5,1.0268388368499755,0.9887952269357166,5,0.0
8,1000,100,10,0.8,banded,clustered,1.0,CG,0.00024851132184267044,5,1.2047426433779729,0.9874856864451242,6,0.0
8,1000,100,10,0.8,banded,clustered,1.0,CG,0.0002482510171830654,5,1.087968862022471,0.9891586475753895,7,0.0
8,1000,100,10,0.8,banded,clustered,1.0,CG,0.0002379920333623886,5,1.1075204278349722,0.9884154624506751,8,0.0
8,1000,100,10,0.8,banded,clustered,1.0,CG,0.00024608196690678596,5,1.4829863293815033,0.9813840993452916,9,0.0
8,1000,100,10,0.8,banded,clustered,1.0,CG,0.00024541188031435013,5,1.0302537485535874,0.989855598192987,10,0.0
8,1000,100,10,0.8,banded,clustered,1.0,LSQR,0.0004679327830672264,4,1.2816602631342715,0.9808329340853069,1,
8,1000,100,10,0.8,banded,clustered,1.0,LSQR,0.0004451940767467022,4,1.2606256526214716,0.9831660036593978,2,
8,1000,100,10,0.8,banded,clustered,1.0,LSQR,0.00042772339656949043,4,1.2689437595160407,0.9847774798968316,3,
8,1000,100,10,0.8,banded,clustered,1.0,LSQR,0.00043398328125476837,4,1.0485659648306322,0.9884220090383489,4,
8,1000,100,10,0.8,banded,clustered,1.0,LSQR,0.00044018402695655823,4,1.0268388368499755,0.9887952270652289,5,
8,1000,100,10,0.8,banded,clustered,1.0,LSQR,0.00043150270357728004,4,1.2047426433779744,0.9874856868335324,6,
8,1000,100,10,0.8,banded,clustered,1.0,LSQR,0.0004208628088235855,4,1.0879688620224712,0.9891586477135699,7,
8,1000,100,10,0.8,banded,clustered,1.0,LSQR,0.0004242029972374439,4,1.1075204278349733,0.9884154628045642,8,
8,1000,100,10,0.8,banded,clustered,1.0,LSQR,0.0004327939823269844,4,1.4829863293815049,0.9813840997964177,9,
8,1000,100,10,0.8,banded,clustered,1.0,LSQR,0.000443232711404562,4,1.0302537485535879,0.989855598426188,10,
8,1000,100,10,0.8,banded,clustered,1.0,LSMR,0.0005434341728687286,5,1.2816602631342693,0.9808329335093727,1,
8,1000,100,10,0.8,banded,clustered,1.0,LSMR,0.0005075628869235516,5,1.2606256526214703,0.9831660032276228,2,
8,1000,100,10,0.8,banded,clustered,1.0,LSMR,0.0005109738558530807,5,1.2689437595160398,0.9847774796290005,3,
8,1000,100,10,0.8,banded,clustered,1.0,LSMR,0.0004990138113498688,5,1.048565964830632,0.9884220089029068,4,
8,1000,100,10,0.8,banded,clustered,1.0,LSMR,0.0005162539891898632,5,1.0268388368499755,0.9887952269357415,5,
8,1000,100,10,0.8,banded,clustered,1.0,LSMR,0.0005104336887598038,5,1.204742643377973,0.9874856864452051,6,
8,1000,100,10,0.8,banded,clustered,1.0,LSMR,0.0005196440033614635,5,1.087968862022471,0.9891586475754168,7,
8,1000,100,10,0.8,banded,clustered,1.0,LSMR,0.000513133592903614,5,1.107520427834972,0.9884154624507899,8,
8,1000,100,10,0.8,banded,clustered,1.0,LSMR,0.0005002440884709358,5,1.4829863293815033,0.9813840993453977,9,
8,1000,100,10,0.8,banded,clustered,1.0,LSMR,0.0005399454385042191,5,1.0302537485535874,0.9898555981930467,10,
9,1000,100,10,0.8,block,linear,1.0,Direct,0.003595298156142235,1,1.9937052180271275,0.9463845988302665,1,
9,1000,100,10,0.8,block,linear,1.0,Direct,0.0035582473501563072,1,2.2262561532126,0.9398586916811754,2,
9,1000,100,10,0.8,block,linear,1.0,Direct,0.003551736008375883,1,2.639763243297453,0.9204484631686941,3,
9,1000,100,10,0.8,block,linear,1.0,Direct,0.0035223769955337048,1,2.174085228790827,0.9399980912677082,4,
9,1000,100,10,0.8,block,linear,1.0,Direct,0.003531666938215494,1,2.279934499682543,0.9308926888410026,5,
9,1000,100,10,0.8,block,linear,1.0,Direct,0.003529106732457876,1,2.426878086094029,0.9412531364531677,6,
9,1000,100,10,0.8,block,linear,1.0,Direct,0.003521895967423916,1,2.249920206118496,0.9424295468298896,7,
9,1000,100,10,0.8,block,linear,1.0,Direct,0.003524365834891796,1,2.3981321572737277,0.9332296686295591,8,
9,1000,100,10,0.8,block,linear,1.0,Direct,0.0035207471810281277,1,2.722019530016291,0.9264501129117854,9,
9,1000,100,10,0.8,block,linear,1.0,Direct,0.003506945911794901,1,2.4875651106541197,0.9279921492041078,10,
9,1000,100,10,0.8,block,linear,1.0,CG,0.00031682197004556656,8,1.9937052180271275,0.946384598830638,1,0.0
9,1000,100,10,0.8,block,linear,1.0,CG,0.00029685162007808685,8,2.2262561532125997,0.9398586916835079,2,0.0
9,1000,100,10,0.8,block,linear,1.0,CG,0.0002906816080212593,8,2.6397632432974527,0.9204484631726408,3,0.0
9,1000,100,10,0.8,block,linear,1.0,CG,0.0002936217933893204,8,2.1740852287908274,0.9399980912704605,4,0.0
9,1000,100,10,0.8,block,linear,1.0,CG,0.00029366184026002884,8,2.279934499682543,0.9308926888419247,5,0.0
9,1000,100,10,0.8,block,linear,1.0,CG,0.0002892417833209038,8,2.426878086094029,0.9412531364543827,6,0.0
9,1000,100,10,0.8,block,linear,1.0,CG,0.0002970518544316292,8,2.249920206118496,0.9424295468321535,7,0.0
9,1000,100,10,0.8,block,linear,1.0,CG,0.00029404228553175926,8,2.3981321572737273,0.9332296686312649,8,0.0
9,1000,100,10,0.8,block,linear,1.0,CG,0.0002953317016363144,8,2.7220195300162904,0.92645011291399,9,0.0
9,1000,100,10,0.8,block,linear,1.0,CG,0.000296552199870348,8,2.4875651106541197,0.9279921492063735,10,0.0
9,1000,100,10,0.8,block,linear,1.0,LSQR,0.0009952480904757977,7,1.9937052180271284,0.9463845988520355,1,
9,1000,100,10,0.8,block,linear,1.0,LSQR,0.0009621684439480305,7,2.226256153212603,0.9398586917375892,2,
9,1000,100,10,0.8,block,linear,1.0,LSQR,0.0009609870612621307,7,2.6397632432974554,0.9204484632222361,3,
9,1000,100,10,0.8,block,linear,1.0,LSQR,0.0009526270441710949,7,2.17408522879083,0.9399980913134567,4,
9,1000,100,10,0.8,block,linear,1.0,LSQR,0.0009817378595471382,7,2.279934499682544,0.930892688863139,5,
9,1000,100,10,0.8,block,linear,1.0,LSQR,0.0009675770998001099,7,2.4268780860940318,0.9412531364994818,6,
9,1000,100,10,0.8,block,linear,1.0,LSQR,0.0009489967487752438,7,2.249920206118499,0.9424295468835486,7,
9,1000,100,10,0.8,block,linear,1.0,LSQR,0.0009811371564865112,7,2.39813215727373,0.9332296686566868,8,
9,1000,100,10,0.8,block,linear,1.0,LSQR,0.0009636972099542618,7,2.7220195300162926,0.9264501129584743,9,
9,1000,100,10,0.8,block,linear,1.0,LSQR,0.0009665368124842644,7,2.4875651106541214,0.9279921492396777,10,
9,1000,100,10,0.8,block,linear,1.0,LSMR,0.0010201469995081425,7,1.9937052180271317,0.9463845988551558,1,
9,1000,100,10,0.8,block,linear,1.0,LSMR,0.0011156289838254452,8,2.2262561532126,0.9398586916837857,2,
9,1000,100,10,0.8,block,linear,1.0,LSMR,0.0009926673956215382,7,2.6397632432974647,0.9204484632288266,3,
9,1000,100,10,0.8,block,linear,1.0,LSMR,0.0011020288802683353,8,2.1740852287908274,0.939998091270871,4,
9,1000,100,10,0.8,block,linear,1.0,LSMR,0.0009741471149027348,7,2.279934499682548,0.9308926888672953,5,
9,1000,100,10,0.8,block,linear,1.0,LSMR,0.0009834379889070988,7,2.4268780860940407,0.9412531365064959,6,
9,1000,100,10,0.8,block,linear,1.0,LSMR,0.001072197686880827,8,2.249920206118496,0.9424295468325616,7,
9,1000,100,10,0.8,block,linear,1.0,LSMR,0.0009729568846523762,7,2.398132157273737,0.9332296686607373,8,
9,1000,100,10,0.8,block,linear,1.0,LSMR,0.0009766682051122189,7,2.722019530016299,0.926450112963596,9,
9,1000,100,10,0.8,block,linear,1.0,LSMR,0.0009885076433420181,7,2.487565110654125,0.9279921492434582,10,
10,1000,100,10,0.8,block,exponential,1.0,Direct,0.0035857269540429115,1,1.5948362548757344,0.9674323490557822,1,
10,1000,100,10,0.8,block,exponential,1.0,Direct,0.0035233167000114918,1,1.8328402825041437,0.9610308228192803,2,
10,1000,100,10,0.8,block,exponential,1.0,Direct,0.0035186572931706905,1,2.0647539343015007,0.9539331097530033,3,
10,1000,100,10,0.8,block,exponential,1.0,Direct,0.003527536056935787,1,1.7937627681417174,0.9608180677129663,4,
10,1000,100,10,0.8,block,exponential,1.0,Direct,0.00351910712197423,1,1.8137040590947753,0.9590514755867378,5,
10,1000,100,10,0.8,block,exponential,1.0,Direct,0.00353072676807642,1,1.889720115544867,0.9658290216681151,6,
10,1000,100,10,0.8,block,exponential,1.0,Direct,0.003583467099815607,1,1.8678760531956138,0.9620678717689038,7,
10,1000,100,10,0.8,block,exponential,1.0,Direct,0.0035412460565567017,1,1.9756262937686586,0.9566623646776745,8,
10,1000,100,10,0.8,block,exponential,1.0,Direct,0.0035262960009276867,1,2.2431199259429055,0.9525260872130912,9,
10,1000,100,10,0.8,block,exponential,1.0,Direct,0.00357038713991642,1,1.9202106738776274,0.9597524955335719,10,
10,1000,100,10,0.8,block,exponential,1.0,CG,0.0003022518940269947,7,1.5948362548757344,0.9674323490752952,1,0.0
10,1000,100,10,0.8,block,exponential,1.0,CG,0.0002889619208872318,7,1.8328402825041437,0.9610308228787572,2,0.0
10,1000,100,10,0.8,block,exponential,1.0,CG,0.00031105242669582367,8,2.0647539343015007,0.9539331097557898,3,0.0
10,1000,100,10,0.8,block,exponential,1.0,CG,0.0002842019312083721,7,1.7937627681417176,0.9608180677351368,4,0.0
10,1000,100,10,0.8,block,exponential,1.0,CG,0.000282112043350935,7,1.8137040590947755,0.9590514756097942,5,0.0
10,1000,100,10,0.8,block,exponential,1.0,CG,0.00029268208891153336,7,1.8897201155448673,0.9658290216909365,6,0.0
10,1000,100,10,0.8,block,exponential,1.0,CG,0.00028236303478479385,7,1.867876053195614,0.9620678717992867,7,0.0
10,1000,100,10,0.8,block,exponential,1.0,CG,0.0002950020134449005,7,1.9756262937686588,0.956662364708522,8,0.0
10,1000,100,10,0.8,block,exponential,1.0,CG,0.0002811015583574772,7,2.2431199259429055,0.9525260872343614,9,0.0
10,1000,100,10,0.8,block,exponential,1.0,CG,0.000279831700026989,7,1.9202106738776277,0.9597524955600716,10,0.0
10,1000,100,10,0.8,block,exponential,1.0,LSQR,0.0009912368841469288,7,1.5948362548757344,0.9674323490752952,1,
10,1000,100,10,0.8,block,exponential,1.0,LSQR,0.000989596825093031,7,1.8328402825041437,0.9610308228787572,2,
10,1000,100,10,0.8,block,exponential,1.0,LSQR,0.0009818780235946178,7,2.064753934301501,0.9539331097935596,3,
10,1000,100,10,0.8,block,exponential,1.0,LSQR,0.0009684483520686626,7,1.7937627681417176,0.9608180677351368,4,
10,1000,100,10,0.8,block,exponential,1.0,LSQR,0.0009726472198963165,7,1.8137040590947755,0.9590514756097942,5,
10,1000,100,10,0.8,block,exponential,1.0,LSQR,0.0009839870035648346,7,1.889720115544867,0.9658290216909365,6,
10,1000,100,10,0.8,block,exponential,1.0,LSQR,0.0009579472243785858,7,1.8678760531956138,0.9620678717992867,7,
10,1000,100,10,0.8,block,exponential,1.0,LSQR,0.0010002567432820797,7,1.9756262937686586,0.956662364708522,8,
10,1000,100,10,0.8,block,exponential,1.0,LSQR,0.0009851069189608097,7,2.243119925942905,0.9525260872343614,9,
10,1000,100,10,0.8,block,exponential,1.0,LSQR,0.0009657470509409904,7,1.9202106738776277,0.9597524955600716,10,
10,1000,100,10,0.8,block,exponential,1.0,LSMR,0.0010037580505013466,7,1.5948362548757349,0.9674323490773492,1,
10,1000,100,10,0.8,block,exponential,1.0,LSMR,0.0009874473325908184,7,1.8328402825041445,0.9610308228857841,2,
10,1000,100,10,0.8,block,exponential,1.0,LSMR,0.0009975871071219444,7,2.0647539343015033,0.9539331097992684,3,
10,1000,100,10,0.8,block,exponential,1.0,LSMR,0.0009869770146906376,7,1.7937627681417183,0.9608180677376359,4,
10,1000,100,10,0.8,block,exponential,1.0,LSMR,0.0009935074485838413,7,1.8137040590947757,0.9590514756117869,5,
10,1000,100,10,0.8,block,exponential,1.0,LSMR,0.0009673465974628925,7,1.889720115544868,0.9658290216925749,6,
10,1000,100,10,0.8,block,exponential,1.0,LSMR,0.0009803078137338161,7,1.8678760531956142,0.9620678718017763,7,
10,1000,100,10,0.8,block,exponential,1.0,LSMR,0.0009887167252600193,7,1.9756262937686593,0.9566623647121743,8,
10,1000,100,10,0.8,block,exponential,1.0,LSMR,0.0009936667047441006,7,2.2431199259429055,0.9525260872366972,9,
10,1000,100,10,0.8,block,exponential,1.0,LSMR,0.0009866883046925068,7,1.920210673877628,0.9597524955628256,10,
11,1000,100,10,0.8,block,polynomial,1.0,Direct,0.003599556628614664,1,1.6457004279052374,0.9650312442339343,1,
11,1000,100,10,0.8,block,polynomial,1.0,Direct,0.0035218270495533943,1,1.881983455415537,0.9585904036930565,2,
11,1000,100,10,0.8,block,polynomial,1.0,Direct,0.0035387868992984295,1,2.1237574398065417,0.9508595118299226,3,
11,1000,100,10,0.8,block,polynomial,1.0,Direct,0.0035334359854459763,1,1.8343524330094862,0.9587423085948159,4,
11,1000,100,10,0.8,block,polynomial,1.0,Direct,0.003529225941747427,1,1.8655167364104575,0.9562056106580838,5,
11,1000,100,10,0.8,block,polynomial,1.0,Direct,0.0035049859434366226,1,1.9267314476085642,0.9642809584930325,6,
11,1000,100,10,0.8,block,polynomial,1.0,Direct,0.003512235824018717,1,1.9064739648637166,0.9601406590392682,7,
11,1000,100,10,0.8,block,polynomial,1.0,Direct,0.0035228459164500237,1,2.0202630647098996,0.954301358180078,8,
11,1000,100,10,0.8,block,polynomial,1.0,Direct,0.0035386071540415287,1,2.305140295339846,0.9494044425053625,9,
11,1000,100,10,0.8,block,polynomial,1.0,Direct,0.0035116071812808514,1,1.9808599094169572,0.956741574409787,10,
11,1000,100,10,0.8,block,polynomial,1.0,CG,0.00030351197347044945,7,1.6457004279052374,0.9650312442576502,1,0.0
11,1000,100,10,0.8,block,polynomial,1.0,CG,0.0003037918359041214,8,1.881983455415537,0.9585904036972659,2,0.0
11,1000,100,10,0.8,block,polynomial,1.0,CG,0.0003071427345275879,8,2.1237574398065417,0.9508595118329393,3,0.0
11,1000,100,10,0.8,block,polynomial,1.0,CG,0.00029733311384916306,8,1.8343524330094862,0.9587423085965985,4,0.0
11,1000,100,10,0.8,block,polynomial,1.0,CG,0.00029596174135804176,8,1.8655167364104575,0.9562056106600096,5,0.0
11,1000,100,10,0.8,block,polynomial,1.0,CG,0.0003058617003262043,8,1.9267314476085642,0.9642809584948762,6,0.0
11,1000,100,10,0.8,block,polynomial,1.0,CG,0.0002968530170619488,8,1.9064739648637166,0.9601406590429988,7,0.0
11,1000,100,10,0.8,block,polynomial,1.0,CG,0.0003016921691596508,8,2.0202630647098996,0.9543013581834064,8,0.0
11,1000,100,10,0.8,block,polynomial,1.0,CG,0.0002780030481517315,7,2.305140295339846,0.9494044425467693,9,0.0
11,1000,100,10,0.8,block,polynomial,1.0,CG,0.0002785320393741131,7,1.9808599094169574,0.9567415744527487,10,0.0
11,1000,100,10,0.8,block,polynomial,1.0,LSQR,0.0009900471195578575,7,1.6457004279052374,0.9650312442576502,1,
11,1000,100,10,0.8,block,polynomial,1.0,LSQR,0.0009616571478545666,7,1.8819834554155377,0.9585904037688854,2,
11,1000,100,10,0.8,block,polynomial,1.0,LSQR,0.0009620971977710724,7,2.123757439806542,0.9508595118743439,3,
11,1000,100,10,0.8,block,polynomial,1.0,LSQR,0.0009569679386913776,7,1.834352433009487,0.9587423086327942,4,
11,1000,100,10,0.8,block,polynomial,1.0,LSQR,0.0009675268083810806,7,1.8655167364104577,0.9562056107007036,5,
11,1000,100,10,0.8,block,polynomial,1.0,LSQR,0.000979847740381956,7,1.9267314476085646,0.9642809585296184,6,
11,1000,100,10,0.8,block,polynomial,1.0,LSQR,0.0009494158439338207,7,1.9064739648637168,0.9601406591047995,7,
11,1000,100,10,0.8,block,polynomial,1.0,LSQR,0.0009706784039735794,7,2.0202630647099,0.9543013582390014,8,
11,1000,100,10,0.8,block,polynomial,1.0,LSQR,0.0009653978049755096,7,2.3051402953398465,0.9494044425467693,9,
11,1000,100,10,0.8,block,polynomial,1.0,LSQR,0.0009563672356307507,7,1.9808599094169574,0.9567415744527487,10,
11,1000,100,10,0.8,block,polynomial,1.0,LSMR,0.001000627875328064,7,1.6457004279052383,0.9650312442604057,1,
11,1000,100,10,0.8,block,polynomial,1.0,LSMR,0.0009870068170130253,7,1.8819834554155388,0.9585904037772882,2,
11,1000,100,10,0.8,block,polynomial,1.0,LSMR,0.0009838067926466465,7,2.123757439806544,0.9508595118797297,3,
11,1000,100,10,0.8,block,polynomial,1.0,LSMR,0.0009664669632911682,7,1.8343524330094887,0.9587423086374531,4,
11,1000,100,10,0.8,block,polynomial,1.0,LSMR,0.0009839776903390884,7,1.8655167364104583,0.9562056107048711,5,
11,1000,100,10,0.8,block,polynomial,1.0,LSMR,0.000977667048573494,7,1.9267314476085657,0.9642809585324444,6,
11,1000,100,10,0.8,block,polynomial,1.0,LSMR,0.0009785373695194721,7,1.9064739648637183,0.9601406591105849,7,
11,1000,100,10,0.8,block,polynomial,1.0,LSMR,0.0009741177782416344,7,2.0202630647099022,0.9543013582463077,8,
11,1000,100,10,0.8,block,polynomial,1.0,LSMR,0.0009954879060387611,7,2.305140295339847,0.949404442551072,9,
11,1000,100,10,0.8,block,polynomial,1.0,LSMR,0.0009735468775033951,7,1.9808599094169583,0.9567415744572549,10,
12,1000,100,10,0.8,block,clustered,1.0,Direct,0.0038467887789011,1,1.9295878504868065,0.9481896538999245,1,
12,1000,100,10,0.8,block,clustered,1.0,Direct,0.003521145787090063,1,2.1265352081661026,0.9439572959317499,2,
12,1000,100,10,0.8,block,clustered,1.0,Direct,0.003544036764651537,1,2.4607360502577316,0.9290246692652275,3,
12,1000,100,10,0.8,block,clustered,1.0,Direct,0.0034950668923556805,1,1.990223699856576,0.9492182593476274,4,
12,1000,100,10,0.8,block,clustered,1.0,Direct,0.003542457241564989,1,2.128395974964039,0.9382009829551123,5,
12,1000,100,10,0.8,block,clustered,1.0,Direct,0.0035014362074434757,1,2.086599531123844,0.9564236652652043,6,
12,1000,100,10,0.8,block,clustered,1.0,Direct,0.0035178260877728462,1,2.099338668775482,0.9490954163076989,7,
12,1000,100,10,0.8,block,clustered,1.0,Direct,0.003499316982924938,1,2.3267648081963217,0.9350939219735945,8,
12,1000,100,10,0.8,block,clustered,1.0,Direct,0.0035385359078645706,1,2.6468969265313187,0.9283724099331069,9,
12,1000,100,10,0.8,block,clustered,1.0,Direct,0.003516626078635454,1,2.3159787006172317,0.9354620621083564,10,
12,1000,100,10,0.8,block,clustered,1.0,CG,0.0003379019908607006,8,1.9295878504868071,0.9481896539616491,1,0.0
12,1000,100,10,0.8,block,clustered,1.0,CG,0.00029443204402923584,8,2.1265352081661026,0.9439572960290573,2,0.0
12,1000,100,10,0.8,block,clustered,1.0,CG,0.0002976721152663231,8,2.4607360502577325,0.929024669336657,3,0.0
12,1000,100,10,0.8,block,clustered,1.0,CG,0.00029735220596194267,8,1.990223699856576,0.9492182593874672,4,0.0
12,1000,100,10,0.8,block,clustered,1.0,CG,0.0002962518483400345,8,2.128395974964039,0.9382009830485624,5,0.0
12,1000,100,10,0.8,block,clustered,1.0,CG,0.00030809221789240837,9,2.086599531123844,0.9564236652702746,6,0.0
12,1000,100,10,0.8,block,clustered,1.0,CG,0.00031868182122707367,9,2.099338668775482,0.9490954163166325,7,0.0
12,1000,100,10,0.8,block,clustered,1.0,CG,0.0003035622648894787,8,2.3267648081963226,0.9350939220656244,8,0.0
12,1000,100,10,0.8,block,clustered,1.0,CG,0.0002909819595515728,8,2.6468969265313196,0.9283724100480055,9,0.0
12,1000,100,10,0.8,block,clustered,1.0,CG,0.0003165127709507942,9,2.3159787006172317,0.9354620621181493,10,0.0
12,1000,100,10,0.8,block,clustered,1.0,LSQR,0.0010980782099068165,8,1.9295878504868071,0.9481896539616491,1,
12,1000,100,10,0.8,block,clustered,1.0,LSQR,0.0010954979807138443,8,2.1265352081661026,0.9439572960290573,2,
12,1000,100,10,0.8,block,clustered,1.0,LSQR,0.0010663378052413464,8,2.460736050257732,0.929024669336657,3,
12,1000,100,10,0.8,block,clustered,1.0,LSQR,0.001065757591277361,8,1.9902236998565759,0.9492182593874672,4,
12,1000,100,10,0.8,block,clustered,1.0,LSQR,0.0010839677415788174,8,2.128395974964039,0.9382009830485624,5,
12,1000,100,10,0.8,block,clustered,1.0,LSQR,0.0010733078233897686,8,2.0865995311238446,0.9564236653197448,6,
12,1000,100,10,0.8,block,clustered,1.0,LSQR,0.0010721180588006973,8,2.099338668775483,0.9490954163848804,7,
12,1000,100,10,0.8,block,clustered,1.0,LSQR,0.0010867081582546234,8,2.3267648081963226,0.9350939220656244,8,
12,1000,100,10,0.8,block,clustered,1.0,LSQR,0.00105997733771801,8,2.6468969265313187,0.9283724100480055,9,
12,1000,100,10,0.8,block,clustered,1.0,LSQR,0.0010639778338372707,8,2.315978700617233,0.9354620621987116,10,
12,1000,100,10,0.8,block,clustered,1.0,LSMR,0.0011209980584681034,8,1.9295878504868091,0.9481896539692604,1,
12,1000,100,10,0.8,block,clustered,1.0,LSMR,0.0010946691036224365,8,2.126535208166105,0.9439572960413594,2,
12,1000,100,10,0.8,block,clustered,1.0,LSMR,0.0011064577847719193,8,2.460736050257734,0.9290246693465666,3,
12,1000,100,10,0.8,block,clustered,1.0,LSMR,0.0010947780683636665,8,1.9902236998565772,0.9492182593917545,4,
12,1000,100,10,0.8,block,clustered,1.0,LSMR,0.0010952483862638474,8,2.128395974964041,0.9382009830580516,5,
12,1000,100,10,0.8,block,clustered,1.0,LSMR,0.001085817813873291,8,2.0865995311238468,0.9564236653289423,6,
12,1000,100,10,0.8,block,clustered,1.0,LSMR,0.0010999888181686401,8,2.099338668775486,0.9490954163962427,7,
12,1000,100,10,0.8,block,clustered,1.0,LSMR,0.001092568039894104,8,2.326764808196325,0.9350939220776981,8,
12,1000,100,10,0.8,block,clustered,1.0,LSMR,0.0010782177560031414,8,2.6468969265313227,0.928372410062465,9,
12,1000,100,10,0.8,block,clustered,1.0,LSMR,0.0010942076332867146,8,2.315978700617236,0.935462062217165,10,
13,1000,100,100,0.8,random,linear,1.0,Direct,0.002359468024224043,1,2.2950284082090375,0.9326178367635019,1,
13,1000,100,100,0.8,random,linear,1.0,Direct,0.002254036720842123,1,2.287607347426893,0.9408791063783309,2,
13,1000,100,100,0.8,random,linear,1.0,Direct,0.002258976921439171,1,2.467286006467689,0.9366832076713393,3,
13,1000,100,100,0.8,random,linear,1.0,Direct,0.002277807332575321,1,2.296556410887669,0.9371793699199982,4,
13,1000,100,100,0.8,random,linear,1.0,Direct,0.002231297083199024,1,2.216351392396083,0.9398012319106304,5,
13,1000,100,100,0.8,random,linear,1.0,Direct,0.002255887258797884,1,2.530775353407164,0.9386413226464871,6,
13,1000,100,100,0.8,random,linear,1.0,Direct,0.0022375662811100483,1,2.4172477516880253,0.9387779646907107,7,
13,1000,100,100,0.8,random,linear,1.0,Direct,0.002289886586368084,1,2.353708059261036,0.9413800795851267,8,
13,1000,100,100,0.8,random,linear,1.0,Direct,0.0022498168982565403,1,2.6343236550828064,0.9367437233474843,9,
13,1000,100,100,0.8,random,linear,1.0,Direct,0.0022440371103584766,1,2.256332983090389,0.9449618683536893,10,
13,1000,100,100,0.8,random,linear,1.0,CG,0.00027088169008493423,5,2.295028408209037,0.9326178367667441,1,0.0
13,1000,100,100,0.8,random,linear,1.0,CG,0.00025221193209290504,5,2.2876073474268934,0.9408791063805155,2,0.0
13,1000,100,100,0.8,random,linear,1.0,CG,0.0002464321441948414,5,2.4672860064676896,0.9366832076771179,3,0.0
13,1000,100,100,0.8,random,linear,1.0,CG,0.00026248209178447723,6,2.296556410887669,0.9371793699199146,4,0.0
13,1000,100,100,0.8,random,linear,1.0,CG,0.00024454109370708466,5,2.2163513923960836,0.9398012319146998,5,0.0
13,1000,100,100,0.8,random,linear,1.0,CG,0.0002428530715405941,5,2.530775353407164,0.9386413226485434,6,0.0
13,1000,100,100,0.8,random,linear,1.0,CG,0.0002501220442354679,5,2.417247751688026,0.9387779646938664,7,0.0
13,1000,100,100,0.8,random,linear,1.0,CG,0.0002704416401684284,6,2.353708059261036,0.9413800795851718,8,0.0
13,1000,100,100,0.8,random,linear,1.0,CG,0.0002614520490169525,5,2.6343236550828064,0.9367437233511656,9,0.0
13,1000,100,100,0.8,random,linear,1.0,CG,0.00024931179359555244,5,2.256332983090389,0.9449618683574867,10,0.0
13,1000,100,100,0.8,random,linear,1.0,LSQR,0.0007577948272228241,5,2.295028408209037,0.9326178367667439,1,
13,1000,100,100,0.8,random,linear,1.0,LSQR,0.0007201759144663811,5,2.2876073474268934,0.9408791063805155,2,
13,1000,100,100,0.8,random,linear,1.0,LSQR,0.0007281657308340073,5,2.4672860064676896,0.9366832076771179,3,
13,1000,100,100,0.8,random,linear,1.0,LSQR,0.0007236246019601822,5,2.296556410887669,0.9371793699236112,4,
13,1000,100,100,0.8,random,linear,1.0,LSQR,0.0007116249762475491,5,2.2163513923960836,0.9398012319146997,5,
13,1000,100,100,0.8,random,linear,1.0,LSQR,0.0007594558410346508,5,2.530775353407164,0.9386413226485434,6,
13,1000,100,100,0.8,random,linear,1.0,LSQR,0.0007216157391667366,5,2.4172477516880257,0.9387779646938664,7,
13,1000,100,100,0.8,random,linear,1.0,LSQR,0.0007472760044038296,5,2.353708059261036,0.9413800795931235,8,
13,1000,100,100,0.8,random,linear,1.0,LSQR,0.000729304738342762,5,2.6343236550828064,0.9367437233511656,9,
13,1000,100,100,0.8,random,linear,1.0,LSQR,0.0007432461716234684,5,2.256332983090389,0.9449618683574867,10,
13,1000,100,100,0.8,random,linear,1.0,LSMR,0.0007702461443841457,5,2.2950284082090375,0.9326178367670555,1,
13,1000,100,100,0.8,random,linear,1.0,LSMR,0.000731476116925478,5,2.2876073474268934,0.9408791063808104,2,
13,1000,100,100,0.8,random,linear,1.0,LSMR,0.0007572961039841175,5,2.46728600646769,0.936683207677403,3,
13,1000,100,100,0.8,random,linear,1.0,LSMR,0.0007507451809942722,5,2.2965564108876695,0.9371793699240457,4,
13,1000,100,100,0.8,random,linear,1.0,LSMR,0.0007295561954379082,5,2.216351392396083,0.9398012319151028,5,
13,1000,100,100,0.8,random,linear,1.0,LSMR,0.0007394663989543915,5,2.530775353407164,0.9386413226487204,6,
13,1000,100,100,0.8,random,linear,1.0,LSMR,0.0007355650886893272,5,2.417247751688026,0.9387779646942451,7,
13,1000,100,100,0.8,random,linear,1.0,LSMR,0.0007308758795261383,5,2.3537080592610367,0.9413800795935051,8,
13,1000,100,100,0.8,random,linear,1.0,LSMR,0.0007289256900548935,5,2.6343236550828064,0.9367437233513691,9,
13,1000,100,100,0.8,random,linear,1.0,LSMR,0.0007470357231795788,5,2.2563329830903895,0.9449618683578646,10,
14,1000,100,100,0.8,random,exponential,1.0,Direct,0.0023387977853417397,1,1.452434477921769,0.9749710990865441,1,
14,1000,100,100,0.8,random,exponential,1.0,Direct,0.0022738268598914146,1,1.4608149248087632,0.9775153793582775,2,
14,1000,100,100,0.8,random,exponential,1.0,Direct,0.002258777152746916,1,1.4701467920377012,0.9791291429284311,3,
14,1000,100,100,0.8,random,exponential,1.0,Direct,0.0023116269148886204,1,1.3755879625999892,0.9791135793784479,4,
14,1000,100,100,0.8,random,exponential,1.0,Direct,0.0022396165877580643,1,1.3520204494903434,0.979378906395892,5,
14,1000,100,100,0.8,random,exponential,1.0,Direct,0.0022635972127318382,1,1.504616265693425,0.9797091583186139,6,
14,1000,100,100,0.8,random,exponential,1.0,Direct,0.0022385059855878353,1,1.4899056968277258,0.9785181902917032,7,
14,1000,100,100,0.8,random,exponential,1.0,Direct,0.002284297253936529,1,1.3769230604089369,0.9814009629487963,8,
14,1000,100,100,0.8,random,exponential,1.0,Direct,0.002268096897751093,1,1.6478995841353252,0.9767990697408887,9,
14,1000,100,100,0.8,random,exponential,1.0,Direct,0.0022832867689430714,1,1.3713192810683323,0.9809769205391288,10,
14,1000,100,100,0.8,random,exponential,1.0,CG,0.00027434295043349266,5,1.4524344779217693,0.9749710990872413,1,0.0
14,1000,100,100,0.8,random,exponential,1.0,CG,0.0002536117099225521,5,1.4608149248087632,0.9775153793585257,2,0.0
14,1000,100,100,0.8,random,exponential,1.0,CG,0.00023945188149809837,5,1.4701467920377012,0.9791291429288245,3,0.0
14,1000,100,100,0.8,random,exponential,1.0,CG,0.00024395203217864037,5,1.3755879625999892,0.9791135793793004,4,0.0
14,1000,100,100,0.8,random,exponential,1.0,CG,0.00023958180099725723,5,1.3520204494903436,0.9793789063972138,5,0.0
14,1000,100,100,0.8,random,exponential,1.0,CG,0.00023816199973225594,5,1.504616265693425,0.9797091583190732,6,0.0
14,1000,100,100,0.8,random,exponential,1.0,CG,0.00023787189275026321,5,1.4899056968277258,0.9785181902920081,7,0.0
14,1000,100,100,0.8,random,exponential,1.0,CG,0.0002390323206782341,5,1.3769230604089369,0.9814009629491618,8,0.0
14,1000,100,100,0.8,random,exponential,1.0,CG,0.00023547187447547913,5,1.6478995841353252,0.9767990697412936,9,0.0
14,1000,100,100,0.8,random,exponential,1.0,CG,0.00023785186931490898,5,1.3713192810683323,0.9809769205393755,10,0.0
14,1000,100,100,0.8,random,exponential,1.0,LSQR,0.0006410139612853527,4,1.4524344779217702,0.9749710991912197,1,
14,1000,100,100,0.8,random,exponential,1.0,LSQR,0.000636884942650795,4,1.4608149248087634,0.9775153794192476,2,
14,1000,100,100,0.8,random,exponential,1.0,LSQR,0.0006186738610267639,4,1.4701467920377014,0.9791291429936287,3,
14,1000,100,100,0.8,random,exponential,1.0,LSQR,0.0006206938996911049,4,1.3755879625999894,0.9791135794553933,4,
14,1000,100,100,0.8,random,exponential,1.0,LSQR,0.0006099850870668888,4,1.352020449490344,0.9793789065175655,5,
14,1000,100,100,0.8,random,exponential,1.0,LSQR,0.0006243139505386353,4,1.504616265693425,0.9797091583697639,6,
14,1000,100,100,0.8,random,exponential,1.0,LSQR,0.0006132242269814014,4,1.489905696827726,0.9785181903438959,7,
14,1000,100,100,0.8,random,exponential,1.0,LSQR,0.0006193439476191998,4,1.3769230604089373,0.9814009629970161,8,
14,1000,100,100,0.8,random,exponential,1.0,LSQR,0.0006295153871178627,4,1.647899584135326,0.9767990698023762,9,
14,1000,100,100,0.8,random,exponential,1.0,LSQR,0.0006301039829850197,4,1.3713192810683326,0.9809769205779746,10,
14,1000,100,100,0.8,random,exponential,1.0,LSMR,0.0007522357627749443,5,1.4524344779217693,0.9749710990872658,1,
14,1000,100,100,0.8,random,exponential,1.0,LSMR,0.0007332460954785347,5,1.460814924808763,0.9775153793585389,2,
14,1000,100,100,0.8,random,exponential,1.0,LSMR,0.0007226946763694286,5,1.4701467920377012,0.9791291429288353,3,
14,1000,100,100,0.8,random,exponential,1.0,LSMR,0.0007305261678993702,5,1.3755879625999892,0.979113579379329,4,
14,1000,100,100,0.8,random,exponential,1.0,LSMR,0.0007414952851831913,5,1.3520204494903432,0.9793789063972413,5,
14,1000,100,100,0.8,random,exponential,1.0,LSMR,0.0007572458125650883,5,1.504616265693425,0.9797091583190862,6,
14,1000,100,100,0.8,random,exponential,1.0,LSMR,0.0007468760013580322,5,1.4899056968277256,0.9785181902920222,7,
14,1000,100,100,0.8,random,exponential,1.0,LSMR,0.0007564746774733067,5,1.3769230604089366,0.981400962949174,8,
14,1000,100,100,0.8,random,exponential,1.0,LSMR,0.000751866027712822,5,1.6478995841353252,0.9767990697413106,9,
14,1000,100,100,0.8,random,exponential,1.0,LSMR,0.000749615952372551,5,1.3713192810683323,0.9809769205393841,10,
15,1000,100,100,0.8,random,polynomial,1.0,Direct,0.0023751268163323402,1,1.8750550411517444,0.9565981023715354,1,
15,1000,100,100,0.8,random,polynomial,1.0,Direct,0.002296227030456066,1,1.8695622312744684,0.9618099803476876,2,
15,1000,100,100,0.8,random,polynomial,1.0,Direct,0.002276246901601553,1,1.9573978656303828,0.9615912190830659,3,
15,1000,100,100,0.8,random,polynomial,1.0,Direct,0.002334717195481062,1,1.8274908058919421,0.961635625052835,4,
15,1000,100,100,0.8,random,polynomial,1.0,Direct,0.0022494569420814514,1,1.789531209981597,0.9621871931974421,5,
15,1000,100,100,0.8,random,polynomial,1.0,Direct,0.002250747289508581,1,2.0112984764359085,0.9624886755977481,6,
15,1000,100,100,0.8,random,polynomial,1.0,Direct,0.00225695688277483,1,1.9422667751681626,0.9619556937578805,7,
15,1000,100,100,0.8,random,polynomial,1.0,Direct,0.0023052478209137917,1,1.837520998903764,0.9655256264310847,8,
15,1000,100,100,0.8,random,polynomial,1.0,Direct,0.0022718459367752075,1,2.147372409905066,0.9592468757329946,9,
15,1000,100,100,0.8,random,polynomial,1.0,Direct,0.002247297205030918,1,1.7989087067487306,0.9661464165916803,10,
15,1000,100,100,0.8,random,polynomial,1.0,CG,0.00027738185599446297,5,1.8750550411517444,0.9565981023727962,1,0.0
15,1000,100,100,0.8,random,polynomial,1.0,CG,0.0002676532603800297,5,1.8695622312744684,0.9618099803481123,2,0.0
15,1000,100,100,0.8,random,polynomial,1.0,CG,0.00025594234466552734,5,1.9573978656303825,0.9615912190847379,3,0.0
15,1000,100,100,0.8,random,polynomial,1.0,CG,0.00025277212262153625,5,1.8274908058919421,0.9616356250545373,4,0.0
15,1000,100,100,0.8,random,polynomial,1.0,CG,0.00025019189342856407,5,1.7895312099815972,0.9621871931994803,5,0.0
15,1000,100,100,0.8,random,polynomial,1.0,CG,0.00025028176605701447,5,2.0112984764359085,0.9624886755983763,6,0.0
15,1000,100,100,0.8,random,polynomial,1.0,CG,0.00025011179968714714,5,1.9422667751681626,0.9619556937594201,7,0.0
15,1000,100,100,0.8,random,polynomial,1.0,CG,0.0002524619922041893,5,1.8375209989037642,0.9655256264325965,8,0.0
15,1000,100,100,0.8,random,polynomial,1.0,CG,0.00025200191885232925,5,2.147372409905066,0.9592468757336597,9,0.0
15,1000,100,100,0.8,random,polynomial,1.0,CG,0.0002479120157659054,5,1.7989087067487306,0.9661464165923731,10,0.0
15,1000,100,100,0.8,random,polynomial,1.0,LSQR,0.0007508047856390476,5,1.8750550411517444,0.9565981023727962,1,
15,1000,100,100,0.8,random,polynomial,1.0,LSQR,0.0007287249900400639,5,1.8695622312744684,0.9618099803481123,2,
15,1000,100,100,0.8,random,polynomial,1.0,LSQR,0.0007103355601429939,5,1.9573978656303825,0.9615912190847379,3,
15,1000,100,100,0.8,random,polynomial,1.0,LSQR,0.0007353159599006176,5,1.8274908058919421,0.9616356250545373,4,
15,1000,100,100,0.8,random,polynomial,1.0,LSQR,0.0007160352542996407,5,1.7895312099815972,0.9621871931994803,5,
15,1000,100,100,0.8,random,polynomial,1.0,LSQR,0.000710394699126482,5,2.0112984764359085,0.9624886755983763,6,
15,1000,100,100,0.8,random,polynomial,1.0,LSQR,0.0007402952760457993,5,1.9422667751681626,0.9619556937594201,7,
15,1000,100,100,0.8,random,polynomial,1.0,LSQR,0.0007360647432506084,5,1.837520998903764,0.9655256264325965,8,
15,1000,100,100,0.8,random,polynomial,1.0,LSQR,0.0007433649152517319,5,2.147372409905066,0.9592468757336597,9,
15,1000,100,100,0.8,random,polynomial,1.0,LSQR,0.0007125553674995899,5,1.7989087067487306,0.9661464165923731,10,
15,1000,100,100,0.8,random,polynomial,1.0,LSMR,0.0007801661267876625,5,1.8750550411517442,0.9565981023728597,1,
15,1000,100,100,0.8,random,polynomial,1.0,LSMR,0.0007484462112188339,5,1.8695622312744684,0.9618099803481641,2,
15,1000,100,100,0.8,random,polynomial,1.0,LSMR,0.0007485547102987766,5,1.9573978656303823,0.961591219084807,3,
15,1000,100,100,0.8,random,polynomial,1.0,LSMR,0.0007470161654055119,5,1.8274908058919423,0.9616356250546105,4,
15,1000,100,100,0.8,random,polynomial,1.0,LSMR,0.0007482464425265789,5,1.7895312099815972,0.9621871931995682,5,
15,1000,100,100,0.8,random,polynomial,1.0,LSMR,0.0007549063302576542,5,2.0112984764359085,0.9624886755984245,6,
15,1000,100,100,0.8,random,polynomial,1.0,LSMR,0.000750275794416666,5,1.9422667751681628,0.9619556937594755,7,
15,1000,100,100,0.8,random,polynomial,1.0,LSMR,0.0007649259641766548,5,1.837520998903764,0.965525626432658,8,
15,1000,100,100,0.8,random,polynomial,1.0,LSMR,0.0007612560875713825,5,2.147372409905066,0.9592468757337028,9,
15,1000,100,100,0.8,random,polynomial,1.0,LSMR,0.0007761162705719471,5,1.7989087067487304,0.9661464165924326,10,
16,1000,100,100,0.8,random,clustered,1.0,Direct,0.0023577078245580196,1,2.311230486840374,0.9313229150560842,1,
16,1000,100,100,0.8,random,clustered,1.0,Direct,0.0022723572328686714,1,2.28764280406473,0.9408814149348542,2,
16,1000,100,100,0.8,random,clustered,1.0,Direct,0.0023084678687155247,1,2.3997937406623273,0.9402786614941051,3,
16,1000,100,100,0.8,random,clustered,1.0,Direct,0.0022891568951308727,1,2.2300078442052436,0.94095500267271,4,
16,1000,100,100,0.8,random,clustered,1.0,Direct,0.0023075472563505173,1,2.2593546885762184,0.9369477831684299,5,
16,1000,100,100,0.8,random,clustered,1.0,Direct,0.0022784178145229816,1,2.5136441189317553,0.9394283469308267,6,
16,1000,100,100,0.8,random,clustered,1.0,Direct,0.002270396798849106,1,2.4098479347298674,0.9393090068511242,7,
16,1000,100,100,0.8,random,clustered,1.0,Direct,0.0023058070801198483,1,2.287159963424101,0.9445841130622715,8,
16,1000,100,100,0.8,random,clustered,1.0,Direct,0.002261146903038025,1,2.7231454842405682,0.9317676512169047,9,
16,1000,100,100,0.8,random,clustered,1.0,Direct,0.002262586262077093,1,2.266123818496052,0.944438235452807,10,
16,1000,100,100,0.8,random,clustered,1.0,CG,0.00029200175777077675,6,2.3112304868403744,0.9313229150560937,1,0.0
16,1000,100,100,0.8,random,clustered,1.0,CG,0.0002721128985285759,6,2.28764280406473,0.9408814149349354,2,0.0
16,1000,100,100,0.8,random,clustered,1.0,CG,0.00026952195912599564,6,2.399793740662327,0.9402786614941542,3,0.0
16,1000,100,100,0.8,random,clustered,1.0,CG,0.0002804119139909744,6,2.2300078442052436,0.9409550026730318,4,0.0
16,1000,100,100,0.8,random,clustered,1.0,CG,0.0002834019251167774,6,2.2593546885762184,0.936947783168539,5,0.0
16,1000,100,100,0.8,random,clustered,1.0,CG,0.000276132021099329,6,2.5136441189317553,0.9394283469308199,6,0.0
16,1000,100,100,0.8,random,clustered,1.0,CG,0.00027464190497994423,6,2.4098479347298674,0.9393090068513651,7,0.0
16,1000,100,100,0.8,random,clustered,1.0,CG,0.000261461827903986,6,2.2871599634241013,0.9445841130625318,8,0.0
16,1000,100,100,0.8,random,clustered,1.0,CG,0.00027088215574622154,6,2.7231454842405682,0.9317676512170404,9,0.0
16,1000,100,100,0.8,random,clustered,1.0,CG,0.0002631726674735546,6,2.2661238184960517,0.9444382354526765,10,0.0
16,1000,100,100,0.8,random,clustered,1.0,LSQR,0.0007553361356258392,5,2.3112304868403744,0.9313229150691684,1,
16,1000,100,100,0.8,random,clustered,1.0,LSQR,0.0007239161059260368,5,2.28764280406473,0.940881414943266,2,
16,1000,100,100,0.8,random,clustered,1.0,LSQR,0.0007212660275399685,5,2.399793740662327,0.940278661509654,3,
16,1000,100,100,0.8,random,clustered,1.0,LSQR,0.0007204459980130196,5,2.230007844205244,0.9409550026879046,4,
16,1000,100,100,0.8,random,clustered,1.0,LSQR,0.000699265394359827,5,2.2593546885762192,0.9369477831912666,5,
16,1000,100,100,0.8,random,clustered,1.0,LSQR,0.0007073748856782913,5,2.5136441189317553,0.9394283469352976,6,
16,1000,100,100,0.8,random,clustered,1.0,LSQR,0.0007219761610031128,5,2.409847934729868,0.9393090068729166,7,
16,1000,100,100,0.8,random,clustered,1.0,LSQR,0.0007295659743249416,5,2.2871599634241018,0.9445841130834892,8,
16,1000,100,100,0.8,random,clustered,1.0,LSQR,0.000722615048289299,5,2.7231454842405687,0.9317676512304338,9,
16,1000,100,100,0.8,random,clustered,1.0,LSQR,0.000716684851795435,5,2.266123818496052,0.9444382354624945,10,
16,1000,100,100,0.8,random,clustered,1.0,LSMR,0.000762344803661108,5,2.3112304868403752,0.9313229150704716,1,
16,1000,100,100,0.8,random,clustered,1.0,LSMR,0.0007537058554589748,5,2.2876428040647303,0.9408814149440857,2,
16,1000,100,100,0.8,random,clustered,1.0,LSMR,0.0007573049515485764,5,2.399793740662328,0.9402786615109295,3,
16,1000,100,100,0.8,random,clustered,1.0,LSMR,0.0007447558455169201,5,2.230007844205245,0.9409550026892919,4,
16,1000,100,100,0.8,random,clustered,1.0,LSMR,0.0007355650886893272,5,2.2593546885762206,0.9369477831933004,5,
16,1000,100,100,0.8,random,clustered,1.0,LSMR,0.0007526958361268044,5,2.5136441189317558,0.9394283469356199,6,
16,1000,100,100,0.8,random,clustered,1.0,LSMR,0.0007353653199970722,5,2.4098479347298682,0.9393090068742604,7,
16,1000,100,100,0.8,random,clustered,1.0,LSMR,0.0007888572290539742,5,2.2871599634241027,0.9445841130850573,8,
16,1000,100,100,0.8,random,clustered,1.0,LSMR,0.0007698950357735157,5,2.7231454842405696,0.9317676512313159,9,
16,1000,100,100,0.8,random,clustered,1.0,LSMR,0.0007565459236502647,5,2.2661238184960535,0.9444382354638033,10,
17,1000,100,100,0.8,banded,linear,1.0,Direct,0.0009034173563122749,1,1.2007717378301008,0.9833369485359487,1,
17,1000,100,100,0.8,banded,linear,1.0,Direct,0.0008624461479485035,1,1.1739729146938074,0.9856412403170841,2,
17,1000,100,100,0.8,banded,linear,1.0,Direct,0.0008530262857675552,1,1.173619034517334,0.9871045958457689,3,
17,1000,100,100,0.8,banded,linear,1.0,Direct,0.0008306261152029037,1,1.004741268918779,0.9894417824121625,4,
17,1000,100,100,0.8,banded,linear,1.0,Direct,0.0008426369167864323,1,1.0165413948857185,0.9890489299840323,5,
17,1000,100,100,0.8,banded,linear,1.0,Direct,0.0008427961729466915,1,1.1820776785267733,0.9880254624053235,6,
17,1000,100,100,0.8,banded,linear,1.0,Direct,0.0008380659855902195,1,1.0896372425182945,0.9890904780137814,7,
17,1000,100,100,0.8,banded,linear,1.0,Direct,0.0008407658897340298,1,1.0667854584507166,0.9893411256894399,8,
17,1000,100,100,0.8,banded,linear,1.0,Direct,0.0008349171839654446,1,1.3481535024612725,0.9848687587301856,9,
17,1000,100,100,0.8,banded,linear,1.0,Direct,0.0008347867988049984,1,1.0064497238721843,0.9903910936831182,10,
17,1000,100,100,0.8,banded,linear,1.0,CG,0.00027386192232370377,5,1.2007717378301008,0.9833369485381137,1,0.0
17,1000,100,100,0.8,banded,linear,1.0,CG,0.0002567218616604805,5,1.1739729146938074,0.985641240319384,2,0.0
17,1000,100,100,0.8,banded,linear,1.0,CG,0.0002552121877670288,5,1.1736190345173338,0.987104595846445,3,0.0
17,1000,100,100,0.8,banded,linear,1.0,CG,0.00024315202608704567,5,1.004741268918779,0.9894417824128366,4,0.0
17,1000,100,100,0.8,banded,linear,1.0,CG,0.00024454202502965927,5,1.0165413948857185,0.9890489299847728,5,0.0
17,1000,100,100,0.8,banded,linear,1.0,CG,0.00024141184985637665,5,1.1820776785267733,0.9880254624074626,6,0.0
17,1000,100,100,0.8,banded,linear,1.0,CG,0.00024324096739292145,5,1.0896372425182945,0.9890904780144534,7,0.0
17,1000,100,100,0.8,banded,linear,1.0,CG,0.00024514226242899895,5,1.0667854584507168,0.9893411256904003,8,0.0
17,1000,100,100,0.8,banded,linear,1.0,CG,0.00023986073210835457,5,1.3481535024612727,0.9848687587321053,9,0.0
17,1000,100,100,0.8,banded,linear,1.0,CG,0.00023941323161125183,5,1.0064497238721841,0.9903910936844861,10,0.0
17,1000,100,100,0.8,banded,linear,1.0,LSQR,0.00046046311035752296,4,1.2007717378301013,0.9833369487413279,1,
17,1000,100,100,0.8,banded,linear,1.0,LSQR,0.00044656405225396156,4,1.1739729146938078,0.9856412405110493,2,
17,1000,100,100,0.8,banded,linear,1.0,LSQR,0.0004356629215180874,4,1.173619034517334,0.9871045959166571,3,
17,1000,100,100,0.8,banded,linear,1.0,LSQR,0.00043920427560806274,4,1.004741268918779,0.9894417824723717,4,
17,1000,100,100,0.8,banded,linear,1.0,LSQR,0.0004190332256257534,4,1.0165413948857185,0.989048930057769,5,
17,1000,100,100,0.8,banded,linear,1.0,LSQR,0.00042833294719457626,4,1.1820776785267735,0.9880254625829288,6,
17,1000,100,100,0.8,banded,linear,1.0,LSQR,0.0004165726713836193,4,1.0896372425182945,0.9890904780947568,7,
17,1000,100,100,0.8,banded,linear,1.0,LSQR,0.00043112318962812424,4,1.0667854584507168,0.9893411257804365,8,
17,1000,100,100,0.8,banded,linear,1.0,LSQR,0.0004272027872502804,4,1.348153502461273,0.9848687589009131,9,
17,1000,100,100,0.8,banded,linear,1.0,LSQR,0.00041221315041184425,4,1.0064497238721843,0.9903910937842055,10,
17,1000,100,100,0.8,banded,linear,1.0,LSMR,0.0005431338213384151,5,1.2007717378301008,0.9833369485381485,1,
17,1000,100,100,0.8,banded,linear,1.0,LSMR,0.0005007530562579632,5,1.1739729146938074,0.9856412403194246,2,
17,1000,100,100,0.8,banded,linear,1.0,LSMR,0.000433863140642643,4,1.1736190345173343,0.9871045959177106,3,
17,1000,100,100,0.8,banded,linear,1.0,LSMR,0.0004454539157450199,4,1.0047412689187791,0.9894417824731111,4,
17,1000,100,100,0.8,banded,linear,1.0,LSMR,0.0005059242248535156,5,1.0165413948857183,0.9890489299847869,5,
17,1000,100,100,0.8,banded,linear,1.0,LSMR,0.0004870342090725899,5,1.1820776785267733,0.9880254624074956,6,
17,1000,100,100,0.8,banded,linear,1.0,LSMR,0.000488542951643467,5,1.0896372425182945,0.9890904780144621,7,
17,1000,100,100,0.8,banded,linear,1.0,LSMR,0.0004999828524887562,5,1.0667854584507168,0.9893411256904123,8,
17,1000,100,100,0.8,banded,linear,1.0,LSMR,0.0004922430962324142,5,1.3481535024612727,0.9848687587321381,9,
17,1000,100,100,0.8,banded,linear,1.0,LSMR,0.0004935138858854771,5,1.0064497238721841,0.9903910936845093,10,
18,1000,100,100,0.8,banded,exponential,1.0,Direct,0.0009038872085511684,1,0.7696911896315104,0.9939553532866815,1,
18,1000,100,100,0.8,banded,exponential,1.0,Direct,0.0008511561900377274,1,0.7304094002946119,0.9951022100106444,2,
18,1000,100,100,0.8,banded,exponential,1.0,Direct,0.0008485359139740467,1,0.7621074989843949,0.9952359201800152,3,
18,1000,100,100,0.8,banded,exponential,1.0,Direct,0.0008345572277903557,1,0.6011679116640275,0.9968907481910267,4,
18,1000,100,100,0.8,banded,exponential,1.0,Direct,0.0008437568321824074,1,0.672810985417875,0.9959755184989482,5,
18,1000,100,100,0.8,banded,exponential,1.0,Direct,0.0008323160000145435,1,0.7056954069673628,0.9963562693031958,6,
18,1000,100,100,0.8,banded,exponential,1.0,Direct,0.0008330969139933586,1,0.6618556994277746,0.9967631993472513,7,
18,1000,100,100,0.8,banded,exponential,1.0,Direct,0.0008165258914232254,1,0.6679262115243404,0.9965477158806073,8,
18,1000,100,100,0.8,banded,exponential,1.0,Direct,0.000829676166176796,1,0.8309923802001725,0.9948381263346648,9,
18,1000,100,100,0.8,banded,exponential,1.0,Direct,0.0008408562280237675,1,0.5946829127395216,0.9973201381756133,10,
18,1000,100,100,0.8,banded,exponential,1.0,CG,0.0002613421529531479,4,0.7696911896315104,0.993955353290036,1,0.0
18,1000,100,100,0.8,banded,exponential,1.0,CG,0.00024161208420991898,4,0.7304094002946119,0.9951022100145058,2,0.0
18,1000,100,100,0.8,banded,exponential,1.0,CG,0.00022393185645341873,4,0.7621074989843948,0.9952359201829706,3,0.0
18,1000,100,100,0.8,banded,exponential,1.0,CG,0.0002217511646449566,4,0.6011679116640275,0.9968907481929237,4,0.0
18,1000,100,100,0.8,banded,exponential,1.0,CG,0.00021497206762433052,4,0.672810985417875,0.9959755185012814,5,0.0
18,1000,100,100,0.8,banded,exponential,1.0,CG,0.0002245320938527584,4,0.7056954069673628,0.9963562693051906,6,0.0
18,1000,100,100,0.8,banded,exponential,1.0,CG,0.00022488180547952652,4,0.6618556994277746,0.9967631993488707,7,0.0
18,1000,100,100,0.8,banded,exponential,1.0,CG,0.00022000214084982872,4,0.6679262115243404,0.9965477158826485,8,0.0
18,1000,100,100,0.8,banded,exponential,1.0,CG,0.00021677184849977493,4,0.8309923802001726,0.9948381263385309,9,0.0
18,1000,100,100,0.8,banded,exponential,1.0,CG,0.0002364213578402996,4,0.5946829127395215,0.9973201381777325,10,0.0
18,1000,100,100,0.8,banded,exponential,1.0,LSQR,0.00043931277468800545,4,0.7696911896315104,0.993955353290036,1,
18,1000,100,100,0.8,banded,exponential,1.0,LSQR,0.0004258728586137295,4,0.7304094002946119,0.9951022100145058,2,
18,1000,100,100,0.8,banded,exponential,1.0,LSQR,0.00040543312206864357,4,0.7621074989843948,0.9952359201829706,3,
18,1000,100,100,0.8,banded,exponential,1.0,LSQR,0.0004122829996049404,4,0.6011679116640275,0.9968907481929237,4,
18,1000,100,100,0.8,banded,exponential,1.0,LSQR,0.00043118279427289963,4,0.672810985417875,0.9959755185012814,5,
18,1000,100,100,0.8,banded,exponential,1.0,LSQR,0.00042907288298010826,4,0.7056954069673628,0.9963562693051906,6,
18,1000,100,100,0.8,banded,exponential,1.0,LSQR,0.0003547719679772854,3,0.6618556994277754,0.9967631995662761,7,
18,1000,100,100,0.8,banded,exponential,1.0,LSQR,0.000411313958466053,4,0.6679262115243404,0.9965477158826485,8,
18,1000,100,100,0.8,banded,exponential,1.0,LSQR,0.0004219338297843933,4,0.8309923802001726,0.9948381263385309,9,
18,1000,100,100,0.8,banded,exponential,1.0,LSQR,0.00042824307456612587,4,0.5946829127395215,0.9973201381777325,10,
18,1000,100,100,0.8,banded,exponential,1.0,LSMR,0.00046911323443055153,4,0.7696911896315104,0.9939553532900577,1,
18,1000,100,100,0.8,banded,exponential,1.0,LSMR,0.0004536132328212261,4,0.7304094002946119,0.9951022100145265,2,
18,1000,100,100,0.8,banded,exponential,1.0,LSMR,0.00045911315828561783,4,0.7621074989843949,0.9952359201829963,3,
18,1000,100,100,0.8,banded,exponential,1.0,LSMR,0.00043256254866719246,4,0.6011679116640275,0.9968907481929424,4,
18,1000,100,100,0.8,banded,exponential,1.0,LSMR,0.00043127313256263733,4,0.672810985417875,0.9959755185012984,5,
18,1000,100,100,0.8,banded,exponential,1.0,LSMR,0.0004335329867899418,4,0.7056954069673628,0.9963562693052044,6,
18,1000,100,100,0.8,banded,exponential,1.0,LSMR,0.00044375378638505936,4,0.6618556994277747,0.996763199348884,7,
18,1000,100,100,0.8,banded,exponential,1.0,LSMR,0.00044644298031926155,4,0.6679262115243404,0.99654771588267,8,
18,1000,100,100,0.8,banded,exponential,1.0,LSMR,0.0004335828125476837,4,0.8309923802001725,0.9948381263385604,9,
18,1000,100,100,0.8,banded,exponential,1.0,LSMR,0.00044860318303108215,4,0.5946829127395215,0.9973201381777507,10,
19,1000,100,100,0.8,banded,polynomial,1.0,Direct,0.0009090970270335674,1,0.9933576976312353,0.9890848855190416,1,
19,1000,100,100,0.8,banded,polynomial,1.0,Direct,0.0008559371344745159,1,0.9531095566393135,0.9909129796157365,2,
19,1000,100,100,0.8,banded,polynomial,1.0,Direct,0.0008460669778287411,1,0.9712541571762853,0.991572062754403,3,
19,1000,100,100,0.8,banded,polynomial,1.0,Direct,0.000825885683298111,1,0.7847365757683644,0.9939916555754632,4,
19,1000,100,100,0.8,banded,polynomial,1.0,Direct,0.0008423770777881145,1,0.8379573602926047,0.9930236342846982,5,
19,1000,100,100,0.8,banded,polynomial,1.0,Direct,0.000825956929475069,1,0.9393325308897253,0.9928171268889882,6,
19,1000,100,100,0.8,banded,polynomial,1.0,Direct,0.0008436567150056362,1,0.8484178017310486,0.9938990034482662,7,
19,1000,100,100,0.8,banded,polynomial,1.0,Direct,0.0008413661271333694,1,0.8591531291098526,0.9935278472159567,8,
19,1000,100,100,0.8,banded,polynomial,1.0,Direct,0.0008297059684991837,1,1.0998005591675943,0.990276771105445,9,
19,1000,100,100,0.8,banded,polynomial,1.0,Direct,0.0008287359960377216,1,0.7782384959294967,0.9946974903713415,10,
19,1000,100,100,0.8,banded,polynomial,1.0,CG,0.00024543190374970436,4,0.9933576976312352,0.9890848855496122,1,0.0
19,1000,100,100,0.8,banded,polynomial,1.0,CG,0.00024552224203944206,5,0.9531095566393135,0.9909129796159822,2,0.0
19,1000,100,100,0.8,banded,polynomial,1.0,CG,0.00023347185924649239,4,0.9712541571762853,0.9915720627693139,3,0.0
19,1000,100,100,0.8,banded,polynomial,1.0,CG,0.00022682175040245056,4,0.7847365757683644,0.9939916555858895,4,0.0
19,1000,100,100,0.8,banded,polynomial,1.0,CG,0.00022578192874789238,4,0.8379573602926048,0.993023634295541,5,0.0
19,1000,100,100,0.8,banded,polynomial,1.0,CG,0.0002398919314146042,5,0.9393325308897253,0.9928171268892166,6,0.0
19,1000,100,100,0.8,banded,polynomial,1.0,CG,0.0002209818921983242,4,0.8484178017310486,0.9938990034616965,7,0.0
19,1000,100,100,0.8,banded,polynomial,1.0,CG,0.00024325214326381683,5,0.8591531291098526,0.9935278472162101,8,0.0
19,1000,100,100,0.8,banded,polynomial,1.0,CG,0.00021813064813613892,4,1.0998005591675943,0.9902767711346959,9,0.0
19,1000,100,100,0.8,banded,polynomial,1.0,CG,0.00022058188915252686,4,0.7782384959294969,0.9946974903852197,10,0.0
19,1000,100,100,0.8,banded,polynomial,1.0,LSQR,0.00045594386756420135,4,0.9933576976312353,0.9890848855496122,1,
19,1000,100,100,0.8,banded,polynomial,1.0,LSQR,0.00042121345177292824,4,0.9531095566393135,0.9909129796523841,2,
19,1000,100,100,0.8,banded,polynomial,1.0,LSQR,0.0004169931635260582,4,0.9712541571762853,0.9915720627693139,3,
19,1000,100,100,0.8,banded,polynomial,1.0,LSQR,0.0004237033426761627,4,0.7847365757683644,0.9939916555858895,4,
19,1000,100,100,0.8,banded,polynomial,1.0,LSQR,0.0004170527681708336,4,0.8379573602926048,0.993023634295541,5,
19,1000,100,100,0.8,banded,polynomial,1.0,LSQR,0.00042694294825196266,4,0.9393325308897255,0.9928171269105508,6,
19,1000,100,100,0.8,banded,polynomial,1.0,LSQR,0.00043129315599799156,4,0.8484178017310486,0.9938990034616965,7,
19,1000,100,100,0.8,banded,polynomial,1.0,LSQR,0.0004174429923295975,4,0.8591531291098526,0.9935278472380157,8,
19,1000,100,100,0.8,banded,polynomial,1.0,LSQR,0.0004113027825951576,4,1.0998005591675943,0.9902767711346959,9,
19,1000,100,100,0.8,banded,polynomial,1.0,LSQR,0.0004259827546775341,4,0.7782384959294969,0.9946974903852197,10,
19,1000,100,100,0.8,banded,polynomial,1.0,LSMR,0.00045414315536618233,4,0.9933576976312353,0.9890848855500686,1,
19,1000,100,100,0.8,banded,polynomial,1.0,LSMR,0.00045629311352968216,4,0.9531095566393135,0.990912979652741,2,
19,1000,100,100,0.8,banded,polynomial,1.0,LSMR,0.0004338831640779972,4,0.9712541571762853,0.9915720627694696,3,
19,1000,100,100,0.8,banded,polynomial,1.0,LSMR,0.00043485406786203384,4,0.7847365757683644,0.9939916555860211,4,
19,1000,100,100,0.8,banded,polynomial,1.0,LSMR,0.0004442129284143448,4,0.8379573602926047,0.9930236342956975,5,
19,1000,100,100,0.8,banded,polynomial,1.0,LSMR,0.0004298030398786068,4,0.9393325308897255,0.9928171269108583,6,
19,1000,100,100,0.8,banded,polynomial,1.0,LSMR,0.00042748264968395233,4,0.8484178017310486,0.9938990034618428,7,
19,1000,100,100,0.8,banded,polynomial,1.0,LSMR,0.00044725416228175163,4,0.8591531291098528,0.9935278472383768,8,
19,1000,100,100,0.8,banded,polynomial,1.0,LSMR,0.0004407539963722229,4,1.0998005591675941,0.9902767711350117,9,
19,1000,100,100,0.8,banded,polynomial,1.0,LSMR,0.0004370240494608879,4,0.7782384959294968,0.9946974903854348,10,
20,1000,100,100,0.8,banded,clustered,1.0,Direct,0.0009155469015240669,1,1.2538832820352406,0.9817446055979762,1,
20,1000,100,100,0.8,banded,clustered,1.0,Direct,0.0008554370142519474,1,1.230846291652021,0.9840062683064162,2,
20,1000,100,100,0.8,banded,clustered,1.0,Direct,0.0008406159467995167,1,1.2581855863605294,0.9850904031520359,3,
20,1000,100,100,0.8,banded,clustered,1.0,Direct,0.0008426159620285034,1,1.0209679598324917,0.9890601764303706,4,
20,1000,100,100,0.8,banded,clustered,1.0,Direct,0.0008389069698750973,1,1.0092167256839792,0.9892250410739486,5,
20,1000,100,100,0.8,banded,clustered,1.0,Direct,0.000820595771074295,1,1.1687147322913993,0.9882818298485785,6,
20,1000,100,100,0.8,banded,clustered,1.0,Direct,0.0008278270252048969,1,1.0334321048968034,0.9903607818656248,7,
20,1000,100,100,0.8,banded,clustered,1.0,Direct,0.0008289064280688763,1,1.076965076386673,0.9891328624397374,8,
20,1000,100,100,0.8,banded,clustered,1.0,Direct,0.0008454658091068268,1,1.457480565933589,0.9820435255260102,9,
20,1000,100,100,0.8,banded,clustered,1.0,Direct,0.0008434159681200981,1,1.0172792939417277,0.9901446751512444,10,
20,1000,100,100,0.8,banded,clustered,1.0,CG,0.00026114191859960556,5,1.2538832820352406,0.9817446056057483,1,0.0
20,1000,100,100,0.8,banded,clustered,1.0,CG,0.00025466224178671837,5,1.230846291652021,0.9840062683109781,2,0.0
20,1000,100,100,0.8,banded,clustered,1.0,CG,0.00025159213691949844,5,1.2581855863605294,0.9850904031542421,3,0.0
20,1000,100,100,0.8,banded,clustered,1.0,CG,0.0002560908906161785,5,1.0209679598324917,0.9890601764321211,4,0.0
20,1000,100,100,0.8,banded,clustered,1.0,CG,0.0002445019781589508,5,1.0092167256839792,0.9892250410752357,5,0.0
20,1000,100,100,0.8,banded,clustered,1.0,CG,0.0002383817918598652,5,1.1687147322913995,0.9882818298528074,6,0.0
20,1000,100,100,0.8,banded,clustered,1.0,CG,0.00024097179993987083,5,1.0334321048968036,0.9903607818668773,7,0.0
20,1000,100,100,0.8,banded,clustered,1.0,CG,0.00024001207202672958,5,1.076965076386673,0.9891328624443861,8,0.0
20,1000,100,100,0.8,banded,clustered,1.0,CG,0.00023865187540650368,5,1.457480565933589,0.9820435255297978,9,0.0
20,1000,100,100,0.8,banded,clustered,1.0,CG,0.00024139182642102242,5,1.0172792939417274,0.9901446751539253,10,0.0
20,1000,100,100,0.8,banded,clustered,1.0,LSQR,0.0004451028071343899,4,1.2538832820352424,0.981744606088593,1,
20,1000,100,100,0.8,banded,clustered,1.0,LSQR,0.0004306631162762642,4,1.230846291652022,0.9840062686537172,2,
20,1000,100,100,0.8,banded,clustered,1.0,LSQR,0.00042526284232735634,4,1.2581855863605298,0.9850904033859265,3,
20,1000,100,100,0.8,banded,clustered,1.0,LSQR,0.00042691314592957497,4,1.020967959832492,0.9890601765589259,4,
20,1000,100,100,0.8,banded,clustered,1.0,LSQR,0.00041878316551446915,4,1.0092167256839792,0.9892250411845189,5,
20,1000,100,100,0.8,banded,clustered,1.0,LSQR,0.0004125828854739666,4,1.1687147322914004,0.9882818301331129,6,
20,1000,100,100,0.8,banded,clustered,1.0,LSQR,0.00043118279427289963,4,1.0334321048968036,0.9903607819772045,7,
20,1000,100,100,0.8,banded,clustered,1.0,LSQR,0.0004187030717730522,4,1.0769650763866736,0.9891328627619036,8,
20,1000,100,100,0.8,banded,clustered,1.0,LSQR,0.00041741272434592247,4,1.45748056593359,0.9820435258803729,9,
20,1000,100,100,0.8,banded,clustered,1.0,LSQR,0.00042032264173030853,4,1.017279293941728,0.9901446753558427,10,
20,1000,100,100,0.8,banded,clustered,1.0,LSMR,0.0005227238871157169,5,1.2538832820352406,0.9817446056058998,1,
20,1000,100,100,0.8,banded,clustered,1.0,LSMR,0.000498513225466013,5,1.230846291652021,0.9840062683110811,2,
20,1000,100,100,0.8,banded,clustered,1.0,LSMR,0.0004984638653695583,5,1.2581855863605294,0.9850904031542855,3,
20,1000,100,100,0.8,banded,clustered,1.0,LSMR,0.0004930943250656128,5,1.0209679598324917,0.9890601764321626,4,
20,1000,100,100,0.8,banded,clustered,1.0,LSMR,0.00048464396968483925,5,1.0092167256839792,0.9892250410752615,5,
20,1000,100,100,0.8,banded,clustered,1.0,LSMR,0.0005016140639781952,5,1.1687147322913995,0.9882818298528625,6,
20,1000,100,100,0.8,banded,clustered,1.0,LSMR,0.0004974729381501675,5,1.0334321048968034,0.9903607818668927,7,
20,1000,100,100,0.8,banded,clustered,1.0,LSMR,0.0004886728711426258,5,1.076965076386673,0.9891328624444666,8,
20,1000,100,100,0.8,banded,clustered,1.0,LSMR,0.0004923539236187935,5,1.457480565933589,0.9820435255298793,9,
20,1000,100,100,0.8,banded,clustered,1.0,LSMR,0.0004974529147148132,5,1.0172792939417274,0.9901446751539726,10,
21,1000,100,100,0.8,block,linear,1.0,Direct,0.0036026169545948505,1,1.9166599326589142,0.9508570538801863,1,
21,1000,100,100,0.8,block,linear,1.0,Direct,0.003530265763401985,1,2.145959931286849,0.9444853351129182,2,
21,1000,100,100,0.8,block,linear,1.0,Direct,0.003512457013130188,1,2.538544686743201,0.9271572706817788,3,
21,1000,100,100,0.8,block,linear,1.0,Direct,0.003514026291668415,1,2.090494014561897,0.9450020363464343,4,
21,1000,100,100,0.8,block,linear,1.0,Direct,0.0035016071051359177,1,2.188404182082113,0.9369799304875579,5,
21,1000,100,100,0.8,block,linear,1.0,Direct,0.003518077079206705,1,2.3008167336325513,0.9476861199260344,6,
21,1000,100,100,0.8,block,linear,1.0,Direct,0.003501705825328827,1,2.165097844206898,0.9470841936130376,7,
21,1000,100,100,0.8,block,linear,1.0,Direct,0.00353990588337183,1,2.308331418404958,0.9385850490231639,8,
21,1000,100,100,0.8,block,linear,1.0,Direct,0.0034886463545262814,1,2.62861337272556,0.9319330171487585,9,
21,1000,100,100,0.8,block,linear,1.0,Direct,0.003523366991430521,1,2.377652428861577,0.9349296568576139,10,
21,1000,100,100,0.8,block,linear,1.0,CG,0.00031576165929436684,8,1.916659932658914,0.9508570538814606,1,0.0
21,1000,100,100,0.8,block,linear,1.0,CG,0.0003149216063320637,8,2.145959931286849,0.9444853351183905,2,0.0
21,1000,100,100,0.8,block,linear,1.0,CG,0.00029460201039910316,8,2.538544686743201,0.9271572706870141,3,0.0
21,1000,100,100,0.8,block,linear,1.0,CG,0.0003007128834724426,8,2.090494014561897,0.9450020363507816,4,0.0
21,1000,100,100,0.8,block,linear,1.0,CG,0.0002914620563387871,8,2.188404182082113,0.9369799304904234,5,0.0
21,1000,100,100,0.8,block,linear,1.0,CG,0.0002907519228756428,8,2.300816733632552,0.9476861199283367,6,0.0
21,1000,100,100,0.8,block,linear,1.0,CG,0.0002919919788837433,8,2.165097844206898,0.9470841936170935,7,0.0
21,1000,100,100,0.8,block,linear,1.0,CG,0.00028614187613129616,8,2.308331418404958,0.9385850490255256,8,0.0
21,1000,100,100,0.8,block,linear,1.0,CG,0.00030431291088461876,8,2.6286133727255594,0.9319330171529794,9,0.0
21,1000,100,100,0.8,block,linear,1.0,CG,0.0002910527400672436,8,2.377652428861577,0.9349296568610262,10,0.0
21,1000,100,100,0.8,block,linear,1.0,LSQR,0.00102973822504282,7,1.9166599326589149,0.9508570539138754,1,
21,1000,100,100,0.8,block,linear,1.0,LSQR,0.0009638168849050999,7,2.145959931286851,0.9444853352397727,2,
21,1000,100,100,0.8,block,linear,1.0,LSQR,0.0009554880671203136,7,2.538544686743204,0.9271572707507911,3,
21,1000,100,100,0.8,block,linear,1.0,LSQR,0.0009649870917201042,7,2.0904940145618998,0.9450020364027213,4,
21,1000,100,100,0.8,block,linear,1.0,LSQR,0.000947257038205862,7,2.1884041820821145,0.9369799305361732,5,
21,1000,100,100,0.8,block,linear,1.0,LSQR,0.0009645968675613403,7,2.300816733632554,0.9476861199909221,6,
21,1000,100,100,0.8,block,linear,1.0,LSQR,0.0009556966833770275,7,2.165097844206901,0.9470841937067267,7,
21,1000,100,100,0.8,block,linear,1.0,LSQR,0.0009480169974267483,7,2.3083314184049604,0.9385850490718111,8,
21,1000,100,100,0.8,block,linear,1.0,LSQR,0.0009443270973861217,7,2.628613372725562,0.9319330172228864,9,
21,1000,100,100,0.8,block,linear,1.0,LSQR,0.0009471871890127659,7,2.3776524288615777,0.9349296569091763,10,
21,1000,100,100,0.8,block,linear,1.0,LSMR,0.0010032379068434238,7,1.9166599326589173,0.9508570539171762,1,
21,1000,100,100,0.8,block,linear,1.0,LSMR,0.0010058879852294922,7,2.1459599312868596,0.944485335254866,2,
21,1000,100,100,0.8,block,linear,1.0,LSMR,0.0009964769706130028,7,2.5385446867432138,0.9271572707597688,3,
21,1000,100,100,0.8,block,linear,1.0,LSMR,0.000979578122496605,7,2.0904940145619073,0.94500203640885,4,
21,1000,100,100,0.8,block,linear,1.0,LSMR,0.000996698159724474,7,2.1884041820821185,0.9369799305435732,5,
21,1000,100,100,0.8,block,linear,1.0,LSMR,0.0009721182286739349,7,2.3008167336325616,0.9476861199993589,6,
21,1000,100,100,0.8,block,linear,1.0,LSMR,0.0010839477181434631,8,2.1650978442068984,0.9470841936177012,7,
21,1000,100,100,0.8,block,linear,1.0,LSMR,0.0009802873246371746,7,2.3083314184049684,0.938585049079518,8,
21,1000,100,100,0.8,block,linear,1.0,LSMR,0.000982597004622221,7,2.6286133727255674,0.9319330172306568,9,
21,1000,100,100,0.8,block,linear,1.0,LSMR,0.00099498825147748,7,2.377652428861582,0.934929656915048,10,
22,1000,100,100,0.8,block,exponential,1.0,Direct,0.0035935170017182827,1,1.1298855434267037,0.9844415137340596,1,
22,1000,100,100,0.8,block,exponential,1.0,Direct,0.0035319668240845203,1,1.4045894261751752,0.9779748011280426,2,
22,1000,100,100,0.8,block,exponential,1.0,Direct,0.0035115559585392475,1,1.445578908700513,0.9784015766485656,3,
22,1000,100,100,0.8,block,exponential,1.0,Direct,0.0035170367918908596,1,1.3828764804676357,0.9775110179828624,4,
22,1000,100,100,0.8,block,exponential,1.0,Direct,0.0035072658210992813,1,1.2653341941015828,0.9814540076643213,5,
22,1000,100,100,0.8,block,exponential,1.0,Direct,0.0035028960555791855,1,1.3610705026668828,0.9828078619228037,6,
22,1000,100,100,0.8,block,exponential,1.0,Direct,0.003514396958053112,1,1.4566825032476622,0.9779397349577552,7,
22,1000,100,100,0.8,block,exponential,1.0,Direct,0.003497546073049307,1,1.5050319155424476,0.9757743911815846,8,
22,1000,100,100,0.8,block,exponential,1.0,Direct,0.003529756795614958,1,1.6926828396375826,0.9740641414571669,9,
22,1000,100,100,0.8,block,exponential,1.0,Direct,0.0035125156864523888,1,1.2719797750196182,0.9834768348337484,10,
22,1000,100,100,0.8,block,exponential,1.0,CG,0.0003047431819140911,7,1.1298855434267034,0.9844415137449105,1,0.0
22,1000,100,100,0.8,block,exponential,1.0,CG,0.00028121238574385643,7,1.4045894261751752,0.9779748011517124,2,0.0
22,1000,100,100,0.8,block,exponential,1.0,CG,0.0002889917232096195,7,1.445578908700513,0.9784015766854446,3,0.0
22,1000,100,100,0.8,block,exponential,1.0,CG,0.00027602165937423706,7,1.382876480467636,0.9775110180264815,4,0.0
22,1000,100,100,0.8,block,exponential,1.0,CG,0.0002888822928071022,7,1.2653341941015828,0.9814540076810466,5,0.0
22,1000,100,100,0.8,block,exponential,1.0,CG,0.000271013006567955,7,1.3610705026668828,0.982807861942831,6,0.0
22,1000,100,100,0.8,block,exponential,1.0,CG,0.0002790219150483608,7,1.4566825032476625,0.9779397349744288,7,0.0
22,1000,100,100,0.8,block,exponential,1.0,CG,0.00027038203552365303,7,1.5050319155424476,0.9757743912148109,8,0.0
22,1000,100,100,0.8,block,exponential,1.0,CG,0.00026847096160054207,7,1.6926828396375826,0.97406414146671,9,0.0
22,1000,100,100,0.8,block,exponential,1.0,CG,0.0002754330635070801,7,1.2719797750196182,0.9834768348498664,10,0.0
22,1000,100,100,0.8,block,exponential,1.0,LSQR,0.0008917469531297684,6,1.1298855434267057,0.9844415139724024,1,
22,1000,100,100,0.8,block,exponential,1.0,LSQR,0.000868125818669796,6,1.4045894261751797,0.9779748015973514,2,
22,1000,100,100,0.8,block,exponential,1.0,LSQR,0.0009476770646870136,7,1.445578908700513,0.9784015766854445,3,
22,1000,100,100,0.8,block,exponential,1.0,LSQR,0.0009693768806755543,7,1.3828764804676357,0.9775110180264815,4,
22,1000,100,100,0.8,block,exponential,1.0,LSQR,0.0008536758832633495,6,1.2653341941015854,0.9814540080135612,5,
22,1000,100,100,0.8,block,exponential,1.0,LSQR,0.0008503971621394157,6,1.3610705026668855,0.9828078623047493,6,
22,1000,100,100,0.8,block,exponential,1.0,LSQR,0.0008579962886869907,6,1.4566825032476645,0.9779397352173508,7,
22,1000,100,100,0.8,block,exponential,1.0,LSQR,0.0008622659370303154,6,1.5050319155424545,0.9757743917290886,8,
22,1000,100,100,0.8,block,exponential,1.0,LSQR,0.0008392557501792908,6,1.6926828396375846,0.9740641416580441,9,
22,1000,100,100,0.8,block,exponential,1.0,LSQR,0.0008445773273706436,6,1.271979775019621,0.9834768352852356,10,
22,1000,100,100,0.8,block,exponential,1.0,LSMR,0.00099503668025136,7,1.1298855434267037,0.9844415137456021,1,
22,1000,100,100,0.8,block,exponential,1.0,LSMR,0.0010167579166591167,7,1.4045894261751755,0.9779748011532277,2,
22,1000,100,100,0.8,block,exponential,1.0,LSMR,0.0010010479018092155,7,1.4455789087005133,0.9784015766870418,3,
22,1000,100,100,0.8,block,exponential,1.0,LSMR,0.0010023880749940872,7,1.3828764804676361,0.9775110180297536,4,
22,1000,100,100,0.8,block,exponential,1.0,LSMR,0.000984997022897005,7,1.2653341941015828,0.9814540076816188,5,
22,1000,100,100,0.8,block,exponential,1.0,LSMR,0.000976766925305128,7,1.361070502666883,0.9828078619439429,6,
22,1000,100,100,0.8,block,exponential,1.0,LSMR,0.0009807380847632885,7,1.4566825032476622,0.977939734975513,7,
22,1000,100,100,0.8,block,exponential,1.0,LSMR,0.0009925579652190208,7,1.505031915542448,0.9757743912166751,8,
22,1000,100,100,0.8,block,exponential,1.0,LSMR,0.000983057077974081,7,1.6926828396375826,0.9740641414671306,9,
22,1000,100,100,0.8,block,exponential,1.0,LSMR,0.0009891968220472336,7,1.2719797750196182,0.983476834850777,10,
23,1000,100,100,0.8,block,polynomial,1.0,Direct,0.0036120470613241196,1,1.5411013057254173,0.9696154309199784,1,
23,1000,100,100,0.8,block,polynomial,1.0,Direct,0.0035099759697914124,1,1.7857858638140727,0.9629815845737382,2,
23,1000,100,100,0.8,block,polynomial,1.0,Direct,0.0035225958563387394,1,1.9725462466999333,0.9579613500222075,3,
23,1000,100,100,0.8,block,polynomial,1.0,Direct,0.0034965258091688156,1,1.7306502018362504,0.9635040113920701,4,
23,1000,100,100,0.8,block,polynomial,1.0,Direct,0.0035252459347248077,1,1.7415094480137139,0.9623049771609458,5,
23,1000,100,100,0.8,block,polynomial,1.0,Direct,0.0034996867179870605,1,1.7815899357056917,0.9696203619646089,6,
23,1000,100,100,0.8,block,polynomial,1.0,Direct,0.0035125059075653553,1,1.8057941666808874,0.9644849461545995,7,
23,1000,100,100,0.8,block,polynomial,1.0,Direct,0.003509777132421732,1,1.907134566561177,0.9595315576749769,8,
23,1000,100,100,0.8,block,polynomial,1.0,Direct,0.003520685713738203,1,2.181988828594114,0.9549942482390976,9,
23,1000,100,100,0.8,block,polynomial,1.0,Direct,0.0035139359533786774,1,1.8284557250817848,0.9635742393015025,10,
23,1000,100,100,0.8,block,polynomial,1.0,CG,0.00030159298330545425,7,1.5411013057254173,0.9696154309651001,1,0.0
23,1000,100,100,0.8,block,polynomial,1.0,CG,0.0003056218847632408,8,1.7857858638140727,0.9629815845806428,2,0.0
23,1000,100,100,0.8,block,polynomial,1.0,CG,0.0002979319542646408,8,1.972546246699933,0.9579613500298568,3,0.0
23,1000,100,100,0.8,block,polynomial,1.0,CG,0.0002949819900095463,8,1.7306502018362504,0.9635040113945905,4,0.0
23,1000,100,100,0.8,block,polynomial,1.0,CG,0.0002722819335758686,7,1.741509448013714,0.9623049772229528,5,0.0
23,1000,100,100,0.8,block,polynomial,1.0,CG,0.0002937326207756996,8,1.7815899357056915,0.9696203619665484,6,0.0
23,1000,100,100,0.8,block,polynomial,1.0,CG,0.0002736421301960945,7,1.8057941666808874,0.9644849462201214,7,0.0
23,1000,100,100,0.8,block,polynomial,1.0,CG,0.00028535211458802223,7,1.9071345665611772,0.959531557755453,8,0.0
23,1000,100,100,0.8,block,polynomial,1.0,CG,0.0002735331654548645,7,2.181988828594114,0.9549942482931112,9,0.0
23,1000,100,100,0.8,block,polynomial,1.0,CG,0.00028244219720363617,7,1.8284557250817848,0.9635742393513299,10,0.0
23,1000,100,100,0.8,block,polynomial,1.0,LSQR,0.0009928569197654724,7,1.5411013057254175,0.9696154309651001,1,
23,1000,100,100,0.8,block,polynomial,1.0,LSQR,0.0009757471270859241,7,1.7857858638140736,0.9629815847023618,2,
23,1000,100,100,0.8,block,polynomial,1.0,LSQR,0.0009465469047427177,7,1.972546246699934,0.957961350125555,3,
23,1000,100,100,0.8,block,polynomial,1.0,LSQR,0.0009589372202754021,7,1.730650201836251,0.9635040114465515,4,
23,1000,100,100,0.8,block,polynomial,1.0,LSQR,0.0009434069506824017,7,1.7415094480137139,0.9623049772229528,5,
23,1000,100,100,0.8,block,polynomial,1.0,LSQR,0.0009594080038368702,7,1.781589935705692,0.969620362009978,6,
23,1000,100,100,0.8,block,polynomial,1.0,LSQR,0.0009905272163450718,7,1.8057941666808872,0.9644849462201214,7,
23,1000,100,100,0.8,block,polynomial,1.0,LSQR,0.0009641069918870926,7,1.9071345665611774,0.959531557755453,8,
23,1000,100,100,0.8,block,polynomial,1.0,LSQR,0.000949507113546133,7,2.181988828594114,0.9549942482931112,9,
23,1000,100,100,0.8,block,polynomial,1.0,LSQR,0.000954456627368927,7,1.828455725081785,0.9635742393513299,10,
23,1000,100,100,0.8,block,polynomial,1.0,LSMR,0.0009907279163599014,7,1.541101305725418,0.9696154309698878,1,
23,1000,100,100,0.8,block,polynomial,1.0,LSMR,0.0010212580673396587,7,1.7857858638140744,0.9629815847145696,2,
23,1000,100,100,0.8,block,polynomial,1.0,LSMR,0.0010081869550049305,7,1.9725462466999362,0.9579613501379873,3,
23,1000,100,100,0.8,block,polynomial,1.0,LSMR,0.0009918371215462685,7,1.7306502018362524,0.9635040114518697,4,
23,1000,100,100,0.8,block,polynomial,1.0,LSMR,0.000982978381216526,7,1.7415094480137148,0.9623049772280058,5,
23,1000,100,100,0.8,block,polynomial,1.0,LSMR,0.0009845071472227573,7,1.7815899357056928,0.9696203620145524,6,
23,1000,100,100,0.8,block,polynomial,1.0,LSMR,0.0009858869016170502,7,1.8057941666808883,0.9644849462249339,7,
23,1000,100,100,0.8,block,polynomial,1.0,LSMR,0.000996897928416729,7,1.9071345665611783,0.959531557763745,8,
23,1000,100,100,0.8,block,polynomial,1.0,LSMR,0.0009860177524387836,7,2.1819888285941142,0.9549942482977166,9,
23,1000,100,100,0.8,block,polynomial,1.0,LSMR,0.000998597126454115,7,1.8284557250817852,0.9635742393550845,10,
24,1000,100,100,0.8,block,clustered,1.0,Direct,0.0036194371059536934,1,1.8596924484464763,0.9518291812156114,1,
24,1000,100,100,0.8,block,clustered,1.0,Direct,0.003533266019076109,1,2.084916319603071,0.9461384768676464,2,
24,1000,100,100,0.8,block,clustered,1.0,Direct,0.003530096262693405,1,2.3114059517485934,0.9374493981193743,3,
24,1000,100,100,0.8,block,clustered,1.0,Direct,0.0035221362486481667,1,1.8974859832669817,0.9537485650455555,4,
24,1000,100,100,0.8,block,clustered,1.0,Direct,0.003522546961903572,1,2.0520360262156245,0.9425096450580095,5,
24,1000,100,100,0.8,block,clustered,1.0,Direct,0.003531447146087885,1,1.9965504346856235,0.9600095931136077,6,
24,1000,100,100,0.8,block,clustered,1.0,Direct,0.003527797292917967,1,2.0062817396112775,0.9534644895497469,7,
24,1000,100,100,0.8,block,clustered,1.0,Direct,0.0035090474411845207,1,2.23351884944547,0.9401889739130352,8,
24,1000,100,100,0.8,block,clustered,1.0,Direct,0.0035192868672311306,1,2.5803894716889264,0.9319117956674405,9,
24,1000,100,100,0.8,block,clustered,1.0,Direct,0.003516766708344221,1,2.217559469889973,0.9407304782597834,10,
24,1000,100,100,0.8,block,clustered,1.0,CG,0.0003205118700861931,8,1.8596924484464767,0.9518291813217123,1,0.0
24,1000,100,100,0.8,block,clustered,1.0,CG,0.00029824208468198776,8,2.084916319603071,0.9461384769820786,2,0.0
24,1000,100,100,0.8,block,clustered,1.0,CG,0.0002931118942797184,8,2.311405951748594,0.9374493982417779,3,0.0
24,1000,100,100,0.8,block,clustered,1.0,CG,0.0002882322296500206,8,1.8974859832669821,0.9537485650998939,4,0.0
24,1000,100,100,0.8,block,clustered,1.0,CG,0.000296012032777071,8,2.052036026215625,0.9425096451856865,5,0.0
24,1000,100,100,0.8,block,clustered,1.0,CG,0.0002981829456984997,9,1.9965504346856238,0.9600095931256307,6,0.0
24,1000,100,100,0.8,block,clustered,1.0,CG,0.0003108619712293148,9,2.0062817396112775,0.9534644895631074,7,0.0
24,1000,100,100,0.8,block,clustered,1.0,CG,0.0002820221707224846,8,2.2335188494454705,0.9401889740432591,8,0.0
24,1000,100,100,0.8,block,clustered,1.0,CG,0.00030141184106469154,8,2.5803894716889273,0.9319117958332387,9,0.0
24,1000,100,100,0.8,block,clustered,1.0,CG,0.0003074728883802891,9,2.217559469889973,0.9407304782743139,10,0.0
24,1000,100,100,0.8,block,clustered,1.0,LSQR,0.0011176392436027527,8,1.8596924484464765,0.9518291813217123,1,
24,1000,100,100,0.8,block,clustered,1.0,LSQR,0.001069418154656887,8,2.084916319603071,0.9461384769820786,2,
24,1000,100,100,0.8,block,clustered,1.0,LSQR,0.0010690679773688316,8,2.3114059517485934,0.9374493982417779,3,
24,1000,100,100,0.8,block,clustered,1.0,LSQR,0.00107137905433774,8,1.8974859832669821,0.953748565099894,4,
24,1000,100,100,0.8,block,clustered,1.0,LSQR,0.0010557477362453938,8,2.0520360262156254,0.9425096451856865,5,
24,1000,100,100,0.8,block,clustered,1.0,LSQR,0.0010572276078164577,8,1.9965504346856247,0.9600095932594195,6,
24,1000,100,100,0.8,block,clustered,1.0,LSQR,0.0010660281404852867,8,2.0062817396112784,0.953464489670363,7,
24,1000,100,100,0.8,block,clustered,1.0,LSQR,0.0010640393011271954,8,2.2335188494454705,0.9401889740432591,8,
24,1000,100,100,0.8,block,clustered,1.0,LSQR,0.0010561076924204826,8,2.580389471688927,0.9319117958332385,9,
24,1000,100,100,0.8,block,clustered,1.0,LSQR,0.0010596681386232376,8,2.217559469889974,0.9407304784636159,10,
24,1000,100,100,0.8,block,clustered,1.0,LSMR,0.001108288299292326,8,1.8596924484464785,0.9518291813346912,1,
24,1000,100,100,0.8,block,clustered,1.0,LSMR,0.0011190981604158878,8,2.0849163196030727,0.946138476993443,2,
24,1000,100,100,0.8,block,clustered,1.0,LSMR,0.0011610877700150013,8,2.3114059517485948,0.937449398252275,3,
24,1000,100,100,0.8,block,clustered,1.0,LSMR,0.0011050277389585972,8,1.8974859832669828,0.9537485651062247,4,
24,1000,100,100,0.8,block,clustered,1.0,LSMR,0.0010854881256818771,8,2.0520360262156268,0.942509645203573,5,
24,1000,100,100,0.8,block,clustered,1.0,LSMR,0.0010833782143890858,8,1.996550434685627,0.9600095932828472,6,
24,1000,100,100,0.8,block,clustered,1.0,LSMR,0.0010923477821052074,8,2.0062817396112824,0.9534644896911378,7,
24,1000,100,100,0.8,block,clustered,1.0,LSMR,0.0011054789647459984,8,2.2335188494454723,0.9401889740612543,8,
24,1000,100,100,0.8,block,clustered,1.0,LSMR,0.0010902578942477703,8,2.58038947168893,0.931911795853181,9,
24,1000,100,100,0.8,block,clustered,1.0,LSMR,0.001106437761336565,8,2.217559469889978,0.9407304785042311,10,
25,1000,100,1000,0.8,random,linear,1.0,Direct,0.002338926773518324,1,2.286462176878981,0.9331680367038879,1,
25,1000,100,1000,0.8,random,linear,1.0,Direct,0.00230608694255352,1,2.2800293914992373,0.9413072191649561,2,
25,1000,100,1000,0.8,random,linear,1.0,Direct,0.0022612567991018295,1,2.4575659020384824,0.9372291709616214,3,
25,1000,100,1000,0.8,random,linear,1.0,Direct,0.002287797164171934,1,2.287521705687286,0.937714754129691,4,
25,1000,100,1000,0.8,random,linear,1.0,Direct,0.002269197255373001,1,2.208536653991528,0.9402650900092998,5,
25,1000,100,1000,0.8,random,linear,1.0,Direct,0.0022502969950437546,1,2.5206831657975544,0.9391695037897626,6,
25,1000,100,1000,0.8,random,linear,1.0,Direct,0.002241957001388073,1,2.408190668619013,0.9392791371355554,7,
25,1000,100,1000,0.8,random,linear,1.0,Direct,0.0022719870321452618,1,2.3431727726373555,0.9419464325650817,8,
25,1000,100,1000,0.8,random,linear,1.0,Direct,0.0022366270422935486,1,2.6255049751028077,0.9372001307058428,9,
25,1000,100,1000,0.8,random,linear,1.0,Direct,0.002272907178848982,1,2.2467159382004165,0.945469792661617,10,
25,1000,100,1000,0.8,random,linear,1.0,CG,0.0002642315812408924,5,2.2864621768789815,0.9331680367070598,1,0.0
25,1000,100,1000,0.8,random,linear,1.0,CG,0.00025454210117459297,5,2.2800293914992373,0.9413072191670444,2,0.0
25,1000,100,1000,0.8,random,linear,1.0,CG,0.00024745194241404533,5,2.4575659020384824,0.9372291709672698,3,0.0
25,1000,100,1000,0.8,random,linear,1.0,CG,0.0002506510354578495,5,2.287521705687286,0.9377147541333744,4,0.0
25,1000,100,1000,0.8,random,linear,1.0,CG,0.0002541220746934414,5,2.208536653991529,0.9402650900132414,5,0.0
25,1000,100,1000,0.8,random,linear,1.0,CG,0.00024154223501682281,5,2.520683165797555,0.9391695037917208,6,0.0
25,1000,100,1000,0.8,random,linear,1.0,CG,0.00023972196504473686,5,2.4081906686190124,0.9392791371387981,7,0.0
25,1000,100,1000,0.8,random,linear,1.0,CG,0.00023905234411358833,5,2.343172772637356,0.9419464325727962,8,0.0
25,1000,100,1000,0.8,random,linear,1.0,CG,0.00024919211864471436,5,2.6255049751028077,0.937200130709396,9,0.0
25,1000,100,1000,0.8,random,linear,1.0,CG,0.0002429010346531868,5,2.246715938200417,0.9454697926653586,10,0.0
25,1000,100,1000,0.8,random,linear,1.0,LSQR,0.0007536462508141994,5,2.2864621768789815,0.9331680367070598,1,
25,1000,100,1000,0.8,random,linear,1.0,LSQR,0.0007053748704493046,5,2.280029391499237,0.9413072191670444,2,
25,1000,100,1000,0.8,random,linear,1.0,LSQR,0.0007104547694325447,5,2.4575659020384824,0.9372291709672698,3,
25,1000,100,1000,0.8,random,linear,1.0,LSQR,0.0007063057273626328,5,2.287521705687286,0.9377147541333746,4,
25,1000,100,1000,0.8,random,linear,1.0,LSQR,0.0007034852169454098,5,2.208536653991529,0.9402650900132414,5,
25,1000,100,1000,0.8,random,linear,1.0,LSQR,0.0007023550570011139,5,2.520683165797555,0.9391695037917208,6,
25,1000,100,1000,0.8,random,linear,1.0,LSQR,0.0006958651356399059,5,2.4081906686190124,0.9392791371387983,7,
25,1000,100,1000,0.8,random,linear,1.0,LSQR,0.0007269559428095818,5,2.343172772637356,0.9419464325727962,8,
25,1000,100,1000,0.8,random,linear,1.0,LSQR,0.0007034260779619217,5,2.6255049751028077,0.937200130709396,9,
25,1000,100,1000,0.8,random,linear,1.0,LSQR,0.0007137353532016277,5,2.246715938200417,0.9454697926653586,10,
25,1000,100,1000,0.8,random,linear,1.0,LSMR,0.0007547447457909584,5,2.2864621768789815,0.933168036707358,1,
25,1000,100,1000,0.8,random,linear,1.0,LSMR,0.0007486259564757347,5,2.2800293914992373,0.9413072191673358,2,
25,1000,100,1000,0.8,random,linear,1.0,LSMR,0.0007383250631392002,5,2.4575659020384824,0.9372291709675463,3,
25,1000,100,1000,0.8,random,linear,1.0,LSMR,0.0007364549674093723,5,2.287521705687286,0.937714754133798,4,
25,1000,100,1000,0.8,random,linear,1.0,LSMR,0.0007414352148771286,5,2.2085366539915285,0.9402650900136325,5,
25,1000,100,1000,0.8,random,linear,1.0,LSMR,0.0007376749999821186,5,2.5206831657975544,0.9391695037918908,6,
25,1000,100,1000,0.8,random,linear,1.0,LSMR,0.000729844905436039,5,2.4081906686190133,0.9392791371391739,7,
25,1000,100,1000,0.8,random,linear,1.0,LSMR,0.0007591359317302704,5,2.343172772637356,0.9419464325731645,8,
25,1000,100,1000,0.8,random,linear,1.0,LSMR,0.0007660859264433384,5,2.625504975102808,0.937200130709592,9,
25,1000,100,1000,0.8,random,linear,1.0,LSMR,0.0007548956200480461,5,2.246715938200417,0.945469792665726,10,
26,1000,100,1000,0.8,random,exponential,1.0,Direct,0.0023252777755260468,1,1.2288368991483845,0.9825750150329143,1,
26,1000,100,1000,0.8,random,exponential,1.0,Direct,0.0022865072824060917,1,1.2556972080388027,0.9837850348101411,2,
26,1000,100,1000,0.8,random,exponential,1.0,Direct,0.002278727013617754,1,1.2235992122359964,0.985914487233341,3,
26,1000,100,1000,0.8,random,exponential,1.0,Direct,0.0022933767177164555,1,1.1465660825134987,0.9859043912868756,4,
26,1000,100,1000,0.8,random,exponential,1.0,Direct,0.0022644167765975,1,1.1248145047619855,0.9862089849470558,5,
26,1000,100,1000,0.8,random,exponential,1.0,Direct,0.0022559668868780136,1,1.2466156694404518,0.9864049003146819,6,
26,1000,100,1000,0.8,random,exponential,1.0,Direct,0.0022344370372593403,1,1.2634873675857454,0.9849897512184134,7,
26,1000,100,1000,0.8,random,exponential,1.0,Direct,0.002281686756759882,1,1.1507969641203044,0.9873959918128509,8,
26,1000,100,1000,0.8,random,exponential,1.0,Direct,0.0022295471280813217,1,1.3963231465697772,0.9837022890395257,9,
26,1000,100,1000,0.8,random,exponential,1.0,Direct,0.0022499170154333115,1,1.1600291430562846,0.9867042446012694,10,
26,1000,100,1000,0.8,random,exponential,1.0,CG,0.0002628220245242119,5,1.2288368991483845,0.9825750150334036,1,0.0
26,1000,100,1000,0.8,random,exponential,1.0,CG,0.00024052197113633156,5,1.2556972080388027,0.9837850348103591,2,0.0
26,1000,100,1000,0.8,random,exponential,1.0,CG,0.00024618208408355713,5,1.2235992122359962,0.9859144872337091,3,0.0
26,1000,100,1000,0.8,random,exponential,1.0,CG,0.00024168193340301514,5,1.1465660825134987,0.9859043912876538,4,0.0
26,1000,100,1000,0.8,random,exponential,1.0,CG,0.00023710215464234352,5,1.1248145047619855,0.9862089849477557,5,0.0
26,1000,100,1000,0.8,random,exponential,1.0,CG,0.00023788213729858398,5,1.2466156694404518,0.9864049003150017,6,0.0
26,1000,100,1000,0.8,random,exponential,1.0,CG,0.00023632217198610306,5,1.2634873675857454,0.984989751218704,7,0.0
26,1000,100,1000,0.8,random,exponential,1.0,CG,0.00024183187633752823,5,1.1507969641203046,0.9873959918130313,8,0.0
26,1000,100,1000,0.8,random,exponential,1.0,CG,0.0002382318489253521,5,1.3963231465697774,0.9837022890398078,9,0.0
26,1000,100,1000,0.8,random,exponential,1.0,CG,0.00025342218577861786,5,1.1600291430562846,0.9867042446013761,10,0.0
26,1000,100,1000,0.8,random,exponential,1.0,LSQR,0.0006524850614368916,4,1.2288368991483847,0.9825750151181526,1,
26,1000,100,1000,0.8,random,exponential,1.0,LSQR,0.0006239437498152256,4,1.255697208038803,0.9837850348581195,2,
26,1000,100,1000,0.8,random,exponential,1.0,LSQR,0.0006048139184713364,4,1.2235992122359964,0.9859144872771882,3,
26,1000,100,1000,0.8,random,exponential,1.0,LSQR,0.0006217239424586296,4,1.146566082513499,0.985904391384817,4,
26,1000,100,1000,0.8,random,exponential,1.0,LSQR,0.0006190948188304901,4,1.124814504761986,0.9862089850382177,5,
26,1000,100,1000,0.8,random,exponential,1.0,LSQR,0.0006144735962152481,4,1.246615669440452,0.9864049003623934,6,
26,1000,100,1000,0.8,random,exponential,1.0,LSQR,0.000599713996052742,4,1.2634873675857456,0.9849897512756108,7,
26,1000,100,1000,0.8,random,exponential,1.0,LSQR,0.0006341538392007351,4,1.1507969641203046,0.9873959918392523,8,
26,1000,100,1000,0.8,random,exponential,1.0,LSQR,0.000631184782832861,4,1.3963231465697774,0.9837022890795069,9,
26,1000,100,1000,0.8,random,exponential,1.0,LSQR,0.0006189341656863689,4,1.1600291430562848,0.9867042446194996,10,
26,1000,100,1000,0.8,random,exponential,1.0,LSMR,0.0007783458568155766,5,1.2288368991483845,0.9825750150334149,1,
26,1000,100,1000,0.8,random,exponential,1.0,LSMR,0.000734435860067606,5,1.255697208038803,0.9837850348103665,2,
26,1000,100,1000,0.8,random,exponential,1.0,LSMR,0.0007430547848343849,5,1.2235992122359964,0.9859144872337184,3,
26,1000,100,1000,0.8,random,exponential,1.0,LSMR,0.0007436862215399742,5,1.1465660825134987,0.9859043912876678,4,
26,1000,100,1000,0.8,random,exponential,1.0,LSMR,0.0007624048739671707,5,1.1248145047619855,0.9862089849477681,5,
26,1000,100,1000,0.8,random,exponential,1.0,LSMR,0.0007737861014902592,5,1.2466156694404518,0.9864049003150072,6,
26,1000,100,1000,0.8,random,exponential,1.0,LSMR,0.0007739560678601265,5,1.2634873675857454,0.9849897512187132,7,
26,1000,100,1000,0.8,random,exponential,1.0,LSMR,0.0006448552012443542,4,1.1507969641203046,0.9873959918398619,8,
26,1000,100,1000,0.8,random,exponential,1.0,LSMR,0.00075950613245368,5,1.3963231465697774,0.9837022890398165,9,
26,1000,100,1000,0.8,random,exponential,1.0,LSMR,0.0006708651781082153,4,1.1600291430562848,0.9867042446198051,10,
27,1000,100,1000,0.8,random,polynomial,1.0,Direct,0.002328096888959408,1,1.8649682507097973,0.9570978174637004,1,
27,1000,100,1000,0.8,random,polynomial,1.0,Direct,0.002254866063594818,1,1.8615281872913911,0.9621638679777967,2,
27,1000,100,1000,0.8,random,polynomial,1.0,Direct,0.0022967681288719177,1,1.9467031709877898,0.9620412565445918,3,
27,1000,100,1000,0.8,random,polynomial,1.0,Direct,0.00230146711692214,1,1.8172042347703634,0.9620936933708649,4,
27,1000,100,1000,0.8,random,polynomial,1.0,Direct,0.0022263871505856514,1,1.780855112160139,0.9625812154545476,5,
27,1000,100,1000,0.8,random,polynomial,1.0,Direct,0.0022477968595921993,1,1.9997180454542418,0.9629437563938655,6,
27,1000,100,1000,0.8,random,polynomial,1.0,Direct,0.002239016816020012,1,1.932343288880681,0.962375024931095,7,
27,1000,100,1000,0.8,random,polynomial,1.0,Direct,0.002264956943690777,1,1.825592483179474,0.9659992564218092,8,
27,1000,100,1000,0.8,random,polynomial,1.0,Direct,0.0022751977667212486,1,2.137365284523162,0.9596480773147015,9,
27,1000,100,1000,0.8,random,polynomial,1.0,Direct,0.002242546994239092,1,1.7892930267397635,0.9665326240045794,10,
27,1000,100,1000,0.8,random,polynomial,1.0,CG,0.0002800622023642063,5,1.8649682507097973,0.9570978174649235,1,0.0
27,1000,100,1000,0.8,random,polynomial,1.0,CG,0.00027200207114219666,5,1.8615281872913911,0.9621638679782168,2,0.0
27,1000,100,1000,0.8,random,polynomial,1.0,CG,0.0002519916743040085,5,1.94670317098779,0.962041256546217,3,0.0
27,1000,100,1000,0.8,random,polynomial,1.0,CG,0.0002506920136511326,5,1.8172042347703634,0.9620936933725532,4,0.0
27,1000,100,1000,0.8,random,polynomial,1.0,CG,0.00025103194639086723,5,1.780855112160139,0.9625812154565957,5,0.0
27,1000,100,1000,0.8,random,polynomial,1.0,CG,0.0002542417496442795,5,1.9997180454542418,0.9629437563944988,6,0.0
27,1000,100,1000,0.8,random,polynomial,1.0,CG,0.00024686194956302643,5,1.932343288880681,0.9623750249326077,7,0.0
27,1000,100,1000,0.8,random,polynomial,1.0,CG,0.0002512210048735142,5,1.825592483179474,0.9659992564232746,8,0.0
27,1000,100,1000,0.8,random,polynomial,1.0,CG,0.0002448316663503647,5,2.137365284523162,0.9596480773153504,9,0.0
27,1000,100,1000,0.8,random,polynomial,1.0,CG,0.0002449718303978443,5,1.7892930267397635,0.9665326240052444,10,0.0
27,1000,100,1000,0.8,random,polynomial,1.0,LSQR,0.0007378947921097279,5,1.8649682507097973,0.9570978174649235,1,
27,1000,100,1000,0.8,random,polynomial,1.0,LSQR,0.0007480061613023281,5,1.8615281872913911,0.9621638679782171,2,
27,1000,100,1000,0.8,random,polynomial,1.0,LSQR,0.0007190550677478313,5,1.94670317098779,0.9620412565462172,3,
27,1000,100,1000,0.8,random,polynomial,1.0,LSQR,0.0007246248424053192,5,1.8172042347703636,0.9620936933725532,4,
27,1000,100,1000,0.8,random,polynomial,1.0,LSQR,0.0007030046544969082,5,1.780855112160139,0.9625812154565955,5,
27,1000,100,1000,0.8,random,polynomial,1.0,LSQR,0.0007094959728419781,5,1.9997180454542418,0.9629437563944988,6,
27,1000,100,1000,0.8,random,polynomial,1.0,LSQR,0.0007096752524375916,5,1.932343288880681,0.9623750249326077,7,
27,1000,100,1000,0.8,random,polynomial,1.0,LSQR,0.0007326859049499035,5,1.825592483179474,0.9659992564232746,8,
27,1000,100,1000,0.8,random,polynomial,1.0,LSQR,0.0007186750881373882,5,2.137365284523162,0.9596480773153504,9,
27,1000,100,1000,0.8,random,polynomial,1.0,LSQR,0.0007025748491287231,5,1.7892930267397635,0.9665326240052444,10,
27,1000,100,1000,0.8,random,polynomial,1.0,LSMR,0.0007539251819252968,5,1.8649682507097973,0.957097817464985,1,
27,1000,100,1000,0.8,random,polynomial,1.0,LSMR,0.0007514161989092827,5,1.8615281872913914,0.962163867978267,2,
27,1000,100,1000,0.8,random,polynomial,1.0,LSMR,0.0007321559824049473,5,1.9467031709877898,0.9620412565462846,3,
27,1000,100,1000,0.8,random,polynomial,1.0,LSMR,0.0007489956915378571,5,1.8172042347703634,0.9620936933726246,4,
27,1000,100,1000,0.8,random,polynomial,1.0,LSMR,0.0007703355513513088,5,1.7808551121601388,0.9625812154566818,5,
27,1000,100,1000,0.8,random,polynomial,1.0,LSMR,0.000740524847060442,5,1.999718045454242,0.9629437563945464,6,
27,1000,100,1000,0.8,random,polynomial,1.0,LSMR,0.0007422049529850483,5,1.932343288880681,0.9623750249326605,7,
27,1000,100,1000,0.8,random,polynomial,1.0,LSMR,0.0007683653384447098,5,1.825592483179474,0.9659992564233343,8,
27,1000,100,1000,0.8,random,polynomial,1.0,LSMR,0.0007713157683610916,5,2.137365284523162,0.9596480773153935,9,
27,1000,100,1000,0.8,random,polynomial,1.0,LSMR,0.0007778061553835869,5,1.7892930267397635,0.9665326240053018,10,
28,1000,100,1000,0.8,random,clustered,1.0,Direct,0.0023469976149499416,1,2.308067972354174,0.9315294415069455,1,
28,1000,100,1000,0.8,random,clustered,1.0,Direct,0.002301616594195366,1,2.28528634733397,0.9410173771968805,2,
28,1000,100,1000,0.8,random,clustered,1.0,Direct,0.002254457212984562,1,2.3960959113116327,0.9404867011062239,3,
28,1000,100,1000,0.8,random,clustered,1.0,Direct,0.002272707410156727,1,2.2257123660156597,0.9411994001558959,4,
28,1000,100,1000,0.8,random,clustered,1.0,Direct,0.0022447756491601467,1,2.258218292222424,0.9370122343518552,5,
28,1000,100,1000,0.8,random,clustered,1.0,Direct,0.0022650868631899357,1,2.510714832963311,0.9395776099940112,6,
28,1000,100,1000,0.8,random,clustered,1.0,Direct,0.00224590627476573,1,2.4074495066209067,0.9394467525533158,7,
28,1000,100,1000,0.8,random,clustered,1.0,Direct,0.002294217236340046,1,2.281467853827206,0.9448734873850186,8,
28,1000,100,1000,0.8,random,clustered,1.0,Direct,0.002272617071866989,1,2.7208370672575137,0.9318895462390508,9,
28,1000,100,1000,0.8,random,clustered,1.0,Direct,0.0022502271458506584,1,2.2662853053020475,0.9444347969531496,10,
28,1000,100,1000,0.8,random,clustered,1.0,CG,0.00029339175671339035,6,2.308067972354174,0.9315294415069438,1,0.0
28,1000,100,1000,0.8,random,clustered,1.0,CG,0.00028212228789925575,6,2.2852863473339706,0.9410173771969622,2,0.0
28,1000,100,1000,0.8,random,clustered,1.0,CG,0.00027676206082105637,6,2.396095911311633,0.9404867011062777,3,0.0
28,1000,100,1000,0.8,random,clustered,1.0,CG,0.000264482107013464,6,2.2257123660156592,0.9411994001562252,4,0.0
28,1000,100,1000,0.8,random,clustered,1.0,CG,0.00026866234838962555,6,2.2582182922224243,0.9370122343519776,5,0.0
28,1000,100,1000,0.8,random,clustered,1.0,CG,0.00026446161791682243,6,2.510714832963311,0.9395776099940092,6,0.0
28,1000,100,1000,0.8,random,clustered,1.0,CG,0.0002547018229961395,6,2.407449506620907,0.9394467525535575,7,0.0
28,1000,100,1000,0.8,random,clustered,1.0,CG,0.00025943294167518616,6,2.281467853827206,0.9448734873852697,8,0.0
28,1000,100,1000,0.8,random,clustered,1.0,CG,0.00026493193581700325,6,2.720837067257514,0.9318895462391804,9,0.0
28,1000,100,1000,0.8,random,clustered,1.0,CG,0.0002631130628287792,6,2.2662853053020475,0.9444347969530317,10,0.0
28,1000,100,1000,0.8,random,clustered,1.0,LSQR,0.0007577161304652691,5,2.308067972354174,0.9315294415197171,1,
28,1000,100,1000,0.8,random,clustered,1.0,LSQR,0.000711134634912014,5,2.2852863473339706,0.9410173772051839,2,
28,1000,100,1000,0.8,random,clustered,1.0,LSQR,0.0007028463296592236,5,2.396095911311633,0.9404867011216799,3,
28,1000,100,1000,0.8,random,clustered,1.0,LSQR,0.0007208846509456635,5,2.22571236601566,0.9411994001717298,4,
28,1000,100,1000,0.8,random,clustered,1.0,LSQR,0.000704105943441391,5,2.2582182922224248,0.9370122343753636,5,
28,1000,100,1000,0.8,random,clustered,1.0,LSQR,0.0007193749770522118,5,2.5107148329633113,0.9395776099985598,6,
28,1000,100,1000,0.8,random,clustered,1.0,LSQR,0.000718316063284874,5,2.407449506620907,0.9394467525750786,7,
28,1000,100,1000,0.8,random,clustered,1.0,LSQR,0.0007372149266302586,5,2.2814678538272064,0.9448734874067211,8,
28,1000,100,1000,0.8,random,clustered,1.0,LSQR,0.0007254648953676224,5,2.720837067257514,0.9318895462522501,9,
28,1000,100,1000,0.8,random,clustered,1.0,LSQR,0.0007048659026622772,5,2.266285305302048,0.9444347969634307,10,
28,1000,100,1000,0.8,random,clustered,1.0,LSMR,0.0007786261849105358,5,2.3080679723541753,0.9315294415210109,1,
28,1000,100,1000,0.8,random,clustered,1.0,LSMR,0.0007359362207353115,5,2.285286347333971,0.9410173772059922,2,
28,1000,100,1000,0.8,random,clustered,1.0,LSMR,0.0007383548654615879,5,2.3960959113116345,0.9404867011229661,3,
28,1000,100,1000,0.8,random,clustered,1.0,LSMR,0.0007492848671972752,5,2.225712366015661,0.941199400173141,4,
28,1000,100,1000,0.8,random,clustered,1.0,LSMR,0.0007530855946242809,5,2.258218292222426,0.9370122343774175,5,
28,1000,100,1000,0.8,random,clustered,1.0,LSMR,0.0007620761170983315,5,2.5107148329633113,0.9395776099988743,6,
28,1000,100,1000,0.8,random,clustered,1.0,LSMR,0.0007398161105811596,5,2.4074495066209076,0.9394467525764258,7,
28,1000,100,1000,0.8,random,clustered,1.0,LSMR,0.0007442450150847435,5,2.2814678538272077,0.9448734874082937,8,
28,1000,100,1000,0.8,random,clustered,1.0,LSMR,0.0007687960751354694,5,2.720837067257515,0.9318895462531255,9,
28,1000,100,1000,0.8,random,clustered,1.0,LSMR,0.0007586861029267311,5,2.266285305302049,0.9444347969647489,10,
29,1000,100,1000,0.8,banded,linear,1.0,Direct,0.0008898470550775528,1,1.1974431415543882,0.983439422758666,1,
29,1000,100,1000,0.8,banded,linear,1.0,Direct,0.0008379160426557064,1,1.1700331067635648,0.985744730019623,2,
29,1000,100,1000,0.8,banded,linear,1.0,Direct,0.0008426769636571407,1,1.1691161143504172,0.9872131354520366,3,
29,1000,100,1000,0.8,banded,linear,1.0,Direct,0.0008265157230198383,1,0.9994527884264351,0.9895656330429821,4,
29,1000,100,1000,0.8,banded,linear,1.0,Direct,0.0008388259448111057,1,1.013062214038577,0.9891347269583041,5,
29,1000,100,1000,0.8,banded,linear,1.0,Direct,0.0008267168886959553,1,1.1772919814230665,0.9881309430860965,6,
29,1000,100,1000,0.8,banded,linear,1.0,Direct,0.0008285758085548878,1,1.084003808892703,0.9892172397875684,7,
29,1000,100,1000,0.8,banded,linear,1.0,Direct,0.000803306233137846,1,1.0627939679240817,0.989430581227277,8,
29,1000,100,1000,0.8,banded,linear,1.0,Direct,0.0008416264317929745,1,1.3433041325898016,0.9849868355709197,9,
29,1000,100,1000,0.8,banded,linear,1.0,Direct,0.0008950969204306602,1,1.0018479109854843,0.9904902805501883,10,
29,1000,100,1000,0.8,banded,linear,1.0,CG,0.00026973243802785873,5,1.1974431415543882,0.9834394227607502,1,0.0
29,1000,100,1000,0.8,banded,linear,1.0,CG,0.00024192174896597862,5,1.1700331067635648,0.9857447300218278,2,0.0
29,1000,100,1000,0.8,banded,linear,1.0,CG,0.00024038134142756462,5,1.1691161143504172,0.9872131354526911,3,0.0
29,1000,100,1000,0.8,banded,linear,1.0,CG,0.00024011125788092613,5,0.999452788426435,0.9895656330436304,4,0.0
29,1000,100,1000,0.8,banded,linear,1.0,CG,0.00023570191115140915,5,1.013062214038577,0.9891347269590198,5,0.0
29,1000,100,1000,0.8,banded,linear,1.0,CG,0.00022582104429602623,5,1.1772919814230665,0.9881309430881581,6,0.0
29,1000,100,1000,0.8,banded,linear,1.0,CG,0.00023177219554781914,5,1.0840038088927033,0.9892172397882082,7,0.0
29,1000,100,1000,0.8,banded,linear,1.0,CG,0.00023032212629914284,5,1.0627939679240817,0.9894305812281904,8,0.0
29,1000,100,1000,0.8,banded,linear,1.0,CG,0.0002350122667849064,5,1.3433041325898019,0.9849868355727496,9,0.0
29,1000,100,1000,0.8,banded,linear,1.0,CG,0.00024257181212306023,5,1.0018479109854843,0.9904902805515041,10,0.0
29,1000,100,1000,0.8,banded,linear,1.0,LSQR,0.0004624039866030216,4,1.1974431415543885,0.9834394229578031,1,
29,1000,100,1000,0.8,banded,linear,1.0,LSQR,0.0004318538121879101,4,1.170033106763565,0.9857447302090901,2,
29,1000,100,1000,0.8,banded,linear,1.0,LSQR,0.0004193526692688465,4,1.1691161143504174,0.987213135521211,3,
29,1000,100,1000,0.8,banded,linear,1.0,LSQR,0.00041336286813020706,4,0.9994527884264351,0.9895656331011841,4,
29,1000,100,1000,0.8,banded,linear,1.0,LSQR,0.0004224027507007122,4,1.0130622140385772,0.9891347270292528,5,
29,1000,100,1000,0.8,banded,linear,1.0,LSQR,0.00041751284152269363,4,1.1772919814230667,0.9881309432573203,6,
29,1000,100,1000,0.8,banded,linear,1.0,LSQR,0.00040839286521077156,4,1.0840038088927033,0.9892172398653982,7,
29,1000,100,1000,0.8,banded,linear,1.0,LSQR,0.00041748397052288055,4,1.0627939679240817,0.9894305813153798,8,
29,1000,100,1000,0.8,banded,linear,1.0,LSQR,0.0004263329319655895,4,1.343304132589802,0.9849868357360806,9,
29,1000,100,1000,0.8,banded,linear,1.0,LSQR,0.0004228828474879265,4,1.0018479109854845,0.9904902806477236,10,
29,1000,100,1000,0.8,banded,linear,1.0,LSMR,0.0005274941213428974,5,1.1974431415543882,0.9834394227607832,1,
29,1000,100,1000,0.8,banded,linear,1.0,LSMR,0.0004957038909196854,5,1.1700331067635648,0.9857447300218662,2,
29,1000,100,1000,0.8,banded,linear,1.0,LSMR,0.0004232632927596569,4,1.1691161143504174,0.9872131355222309,3,
29,1000,100,1000,0.8,banded,linear,1.0,LSMR,0.0004300139844417572,4,0.9994527884264351,0.9895656331019004,4,
29,1000,100,1000,0.8,banded,linear,1.0,LSMR,0.0005018040537834167,5,1.013062214038577,0.9891347269590332,5,
29,1000,100,1000,0.8,banded,linear,1.0,LSMR,0.0004887031391263008,5,1.1772919814230665,0.9881309430881896,6,
29,1000,100,1000,0.8,banded,linear,1.0,LSMR,0.0004961439408361912,5,1.084003808892703,0.9892172397882167,7,
29,1000,100,1000,0.8,banded,linear,1.0,LSMR,0.00048751384019851685,5,1.0627939679240817,0.989430581228201,8,
29,1000,100,1000,0.8,banded,linear,1.0,LSMR,0.0005012829788029194,5,1.3433041325898019,0.9849868355727809,9,
29,1000,100,1000,0.8,banded,linear,1.0,LSMR,0.0005194139666855335,5,1.0018479109854843,0.9904902805515263,10,
30,1000,100,1000,0.8,banded,exponential,1.0,Direct,0.0008912370540201664,1,0.6536220172537306,0.995972896318205,1,
30,1000,100,1000,0.8,banded,exponential,1.0,Direct,0.0008479165844619274,1,0.6176727588111256,0.9967984490800608,2,
30,1000,100,1000,0.8,banded,exponential,1.0,Direct,0.0008387668058276176,1,0.656997877565047,0.9967276770825183,3,
30,1000,100,1000,0.8,banded,exponential,1.0,Direct,0.000842187087982893,1,0.518502261516411,0.9979376259382567,4,
30,1000,100,1000,0.8,banded,exponential,1.0,Direct,0.0008327662944793701,1,0.587451684348033,0.9972333917769193,5,
30,1000,100,1000,0.8,banded,exponential,1.0,Direct,0.0008320258930325508,1,0.5908927621686841,0.9977154473272206,6,
30,1000,100,1000,0.8,banded,exponential,1.0,Direct,0.000827376265078783,1,0.5847094491445498,0.9977350709485792,7,
30,1000,100,1000,0.8,banded,exponential,1.0,Direct,0.0008361060172319412,1,0.5750936820068174,0.9977333234342515,8,
30,1000,100,1000,0.8,banded,exponential,1.0,Direct,0.0008232356049120426,1,0.6993141078183805,0.9965974649672491,9,
30,1000,100,1000,0.8,banded,exponential,1.0,Direct,0.0008247857913374901,1,0.5146349274954132,0.9982375708017337,10,
30,1000,100,1000,0.8,banded,exponential,1.0,CG,0.00023972196504473686,4,0.6536220172537306,0.9959728963194304,1,0.0
30,1000,100,1000,0.8,banded,exponential,1.0,CG,0.00022396165877580643,4,0.6176727588111256,0.9967984490810836,2,0.0
30,1000,100,1000,0.8,banded,exponential,1.0,CG,0.00022174185141921043,4,0.6569978775650469,0.996727677083692,3,0.0
30,1000,100,1000,0.8,banded,exponential,1.0,CG,0.00022717099636793137,4,0.518502261516411,0.9979376259391248,4,0.0
30,1000,100,1000,0.8,banded,exponential,1.0,CG,0.00021618185564875603,4,0.587451684348033,0.9972333917779708,5,0.0
30,1000,100,1000,0.8,banded,exponential,1.0,CG,0.00021662190556526184,4,0.590892762168684,0.997715447327894,6,0.0
30,1000,100,1000,0.8,banded,exponential,1.0,CG,0.00021585170179605484,4,0.5847094491445498,0.997735070949374,7,0.0
30,1000,100,1000,0.8,banded,exponential,1.0,CG,0.0002167518250644207,4,0.5750936820068173,0.9977333234347444,8,0.0
30,1000,100,1000,0.8,banded,exponential,1.0,CG,0.00022023078054189682,4,0.6993141078183805,0.9965974649686353,9,0.0
30,1000,100,1000,0.8,banded,exponential,1.0,CG,0.00022929208353161812,4,0.5146349274954132,0.998237570802227,10,0.0
30,1000,100,1000,0.8,banded,exponential,1.0,LSQR,0.00044156285002827644,4,0.6536220172537306,0.9959728963194304,1,
30,1000,100,1000,0.8,banded,exponential,1.0,LSQR,0.0004217531532049179,4,0.6176727588111256,0.9967984490810836,2,
30,1000,100,1000,0.8,banded,exponential,1.0,LSQR,0.00041360268369317055,4,0.6569978775650469,0.996727677083692,3,
30,1000,100,1000,0.8,banded,exponential,1.0,LSQR,0.00034931208938360214,3,0.5185022615164113,0.9979376260655805,4,
30,1000,100,1000,0.8,banded,exponential,1.0,LSQR,0.0003555021248757839,3,0.5874516843480336,0.9972333920238778,5,
30,1000,100,1000,0.8,banded,exponential,1.0,LSQR,0.00036497320979833603,3,0.5908927621686845,0.9977154475280376,6,
30,1000,100,1000,0.8,banded,exponential,1.0,LSQR,0.0004288330674171448,4,0.5847094491445498,0.997735070949374,7,
30,1000,100,1000,0.8,banded,exponential,1.0,LSQR,0.0003559519536793232,3,0.5750936820068181,0.9977333236940221,8,
30,1000,100,1000,0.8,banded,exponential,1.0,LSQR,0.0004151929169893265,4,0.6993141078183805,0.9965974649686353,9,
30,1000,100,1000,0.8,banded,exponential,1.0,LSQR,0.0003506322391331196,3,0.5146349274954133,0.9982375709285951,10,
30,1000,100,1000,0.8,banded,exponential,1.0,LSMR,0.00045200297608971596,4,0.6536220172537305,0.9959728963194404,1,
30,1000,100,1000,0.8,banded,exponential,1.0,LSMR,0.00043970299884676933,4,0.6176727588111257,0.9967984490810883,2,
30,1000,100,1000,0.8,banded,exponential,1.0,LSMR,0.00042970292270183563,4,0.6569978775650469,0.9967276770836992,3,
30,1000,100,1000,0.8,banded,exponential,1.0,LSMR,0.0004392438568174839,4,0.518502261516411,0.9979376259391316,4,
30,1000,100,1000,0.8,banded,exponential,1.0,LSMR,0.00045221392065286636,4,0.587451684348033,0.9972333917779773,5,
30,1000,100,1000,0.8,banded,exponential,1.0,LSMR,0.0004356526769697666,4,0.5908927621686841,0.9977154473278984,6,
30,1000,100,1000,0.8,banded,exponential,1.0,LSMR,0.0004381132312119007,4,0.5847094491445498,0.9977350709493789,7,
30,1000,100,1000,0.8,banded,exponential,1.0,LSMR,0.0004423139616847038,4,0.5750936820068174,0.9977333234347469,8,
30,1000,100,1000,0.8,banded,exponential,1.0,LSMR,0.0004542926326394081,4,0.6993141078183805,0.9965974649686439,9,
30,1000,100,1000,0.8,banded,exponential,1.0,LSMR,0.00044907256960868835,4,0.5146349274954132,0.9982375708022304,10,
31,1000,100,1000,0.8,banded,polynomial,1.0,Direct,0.0008734860457479954,1,0.9896696149933709,0.9891776798889621,1,
31,1000,100,1000,0.8,banded,polynomial,1.0,Direct,0.0008427868597209454,1,0.9488628452479465,0.991002337405575,2,
31,1000,100,1000,0.8,banded,polynomial,1.0,Direct,0.0008391961455345154,1,0.9666961992083806,0.9916624215725691,3,
31,1000,100,1000,0.8,banded,polynomial,1.0,Direct,0.0008299960754811764,1,0.7798422117302884,0.9940800704510196,4,
31,1000,100,1000,0.8,banded,polynomial,1.0,Direct,0.000823585782200098,1,0.834471825590867,0.9930933079388594,5,
31,1000,100,1000,0.8,banded,polynomial,1.0,Direct,0.00082062603905797,1,0.9342724289987864,0.9929040995584155,6,
31,1000,100,1000,0.8,banded,polynomial,1.0,Direct,0.0008138762786984444,1,0.8424754406131275,0.9940022996642005,7,
31,1000,100,1000,0.8,banded,polynomial,1.0,Direct,0.0008273571729660034,1,0.8549939445170026,0.9936022741997786,8,
31,1000,100,1000,0.8,banded,polynomial,1.0,Direct,0.0008216965943574905,1,1.094085926760162,0.9903880850929866,9,
31,1000,100,1000,0.8,banded,polynomial,1.0,Direct,0.0008208961226046085,1,0.7737317862613379,0.9947718733994189,10,
31,1000,100,1000,0.8,banded,polynomial,1.0,CG,0.0002540517598390579,4,0.989669614993371,0.9891776799178753,1,0.0
31,1000,100,1000,0.8,banded,polynomial,1.0,CG,0.00024902215227484703,5,0.9488628452479465,0.991002337405809,2,0.0
31,1000,100,1000,0.8,banded,polynomial,1.0,CG,0.00022129062563180923,4,0.9666961992083806,0.9916624215870871,3,0.0
31,1000,100,1000,0.8,banded,polynomial,1.0,CG,0.00021496135741472244,4,0.7798422117302883,0.9940800704611423,4,0.0
31,1000,100,1000,0.8,banded,polynomial,1.0,CG,0.00021267123520374298,4,0.834471825590867,0.9930933079499865,5,0.0
31,1000,100,1000,0.8,banded,polynomial,1.0,CG,0.00021319184452295303,4,0.9342724289987864,0.9929040995789542,6,0.0
31,1000,100,1000,0.8,banded,polynomial,1.0,CG,0.00021821213886141777,4,0.8424754406131274,0.9940022996770664,7,0.0
31,1000,100,1000,0.8,banded,polynomial,1.0,CG,0.00022918172180652618,5,0.8549939445170025,0.9936022742000236,8,0.0
31,1000,100,1000,0.8,banded,polynomial,1.0,CG,0.00021867221221327782,4,1.094085926760162,0.9903880851211188,9,0.0
31,1000,100,1000,0.8,banded,polynomial,1.0,CG,0.0002212407998740673,4,0.7737317862613379,0.9947718734128732,10,0.0
31,1000,100,1000,0.8,banded,polynomial,1.0,LSQR,0.00045674294233322144,4,0.989669614993371,0.9891776799178753,1,
31,1000,100,1000,0.8,banded,polynomial,1.0,LSQR,0.0004383232444524765,4,0.9488628452479465,0.9910023374408841,2,
31,1000,100,1000,0.8,banded,polynomial,1.0,LSQR,0.0004131831228733063,4,0.9666961992083806,0.9916624215870871,3,
31,1000,100,1000,0.8,banded,polynomial,1.0,LSQR,0.0004128431901335716,4,0.7798422117302883,0.9940800704611423,4,
31,1000,100,1000,0.8,banded,polynomial,1.0,LSQR,0.00042283302173018456,4,0.834471825590867,0.9930933079499865,5,
31,1000,100,1000,0.8,banded,polynomial,1.0,LSQR,0.0004175528883934021,4,0.9342724289987863,0.9929040995789542,6,
31,1000,100,1000,0.8,banded,polynomial,1.0,LSQR,0.0004062727093696594,4,0.8424754406131274,0.9940022996770664,7,
31,1000,100,1000,0.8,banded,polynomial,1.0,LSQR,0.00040593184530735016,4,0.8549939445170025,0.9936022742213033,8,
31,1000,100,1000,0.8,banded,polynomial,1.0,LSQR,0.0004153330810368061,4,1.094085926760162,0.9903880851211188,9,
31,1000,100,1000,0.8,banded,polynomial,1.0,LSQR,0.0004070126451551914,4,0.7737317862613379,0.9947718734128732,10,
31,1000,100,1000,0.8,banded,polynomial,1.0,LSMR,0.00047065364196896553,4,0.989669614993371,0.9891776799183055,1,
31,1000,100,1000,0.8,banded,polynomial,1.0,LSMR,0.00044615333899855614,4,0.9488628452479466,0.9910023374412211,2,
31,1000,100,1000,0.8,banded,polynomial,1.0,LSMR,0.0004385141655802727,4,0.9666961992083806,0.9916624215872357,3,
31,1000,100,1000,0.8,banded,polynomial,1.0,LSMR,0.0004487931728363037,4,0.7798422117302884,0.9940800704612712,4,
31,1000,100,1000,0.8,banded,polynomial,1.0,LSMR,0.00045077409595251083,4,0.834471825590867,0.9930933079501469,5,
31,1000,100,1000,0.8,banded,polynomial,1.0,LSMR,0.00043133320286870003,4,0.9342724289987864,0.9929040995792461,6,
31,1000,100,1000,0.8,banded,polynomial,1.0,LSMR,0.00044047320261597633,4,0.8424754406131274,0.9940022996772045,7,
31,1000,100,1000,0.8,banded,polynomial,1.0,LSMR,0.00045905401930212975,4,0.8549939445170025,0.9936022742216556,8,
31,1000,100,1000,0.8,banded,polynomial,1.0,LSMR,0.0004567829892039299,4,1.094085926760162,0.9903880851214224,9,
31,1000,100,1000,0.8,banded,polynomial,1.0,LSMR,0.0004491228610277176,4,0.7737317862613379,0.9947718734130827,10,
32,1000,100,1000,0.8,banded,clustered,1.0,Direct,0.0008963560685515404,1,1.2524422214878401,0.9817921462620308,1,
32,1000,100,1000,0.8,banded,clustered,1.0,Direct,0.0008248370140790939,1,1.229200588003047,0.9840520638161167,2,
32,1000,100,1000,0.8,banded,clustered,1.0,Direct,0.0008093947544693947,1,1.2587551519393942,0.9850788961952825,3,
32,1000,100,1000,0.8,banded,clustered,1.0,Direct,0.0008121458813548088,1,1.0204575751065297,0.9890696273279942,4,
32,1000,100,1000,0.8,banded,clustered,1.0,Direct,0.0008205571211874485,1,1.0089996093029912,0.989229737449846,5,
32,1000,100,1000,0.8,banded,clustered,1.0,Direct,0.0008137170225381851,1,1.1670329060100437,0.988318280077061,6,
32,1000,100,1000,0.8,banded,clustered,1.0,Direct,0.0008235173299908638,1,1.0297040850297272,0.9904411019529511,7,
32,1000,100,1000,0.8,banded,clustered,1.0,Direct,0.000813725870102644,1,1.075967935385439,0.9891574235578151,8,
32,1000,100,1000,0.8,banded,clustered,1.0,Direct,0.0008084462024271488,1,1.4560511897042492,0.9820792201668872,9,
32,1000,100,1000,0.8,banded,clustered,1.0,Direct,0.0008193971589207649,1,1.0181243948250691,0.990127117878136,10,
32,1000,100,1000,0.8,banded,clustered,1.0,CG,0.00025516189634799957,5,1.2524422214878401,0.9817921462698513,1,0.0
32,1000,100,1000,0.8,banded,clustered,1.0,CG,0.0002460409887135029,5,1.2292005880030472,0.9840520638207121,2,0.0
32,1000,100,1000,0.8,banded,clustered,1.0,CG,0.0002358611673116684,5,1.2587551519393942,0.9850788961974909,3,0.0
32,1000,100,1000,0.8,banded,clustered,1.0,CG,0.00023109186440706253,5,1.0204575751065297,0.9890696273297531,4,0.0
32,1000,100,1000,0.8,banded,clustered,1.0,CG,0.00022937124595046043,5,1.0089996093029914,0.9892297374511294,5,0.0
32,1000,100,1000,0.8,banded,clustered,1.0,CG,0.00023548118770122528,5,1.1670329060100437,0.988318280081252,6,0.0
32,1000,100,1000,0.8,banded,clustered,1.0,CG,0.00023697176948189735,5,1.0297040850297272,0.9904411019542125,7,0.0
32,1000,100,1000,0.8,banded,clustered,1.0,CG,0.0002437322400510311,5,1.075967935385439,0.989157423562356,8,0.0
32,1000,100,1000,0.8,banded,clustered,1.0,CG,0.00023828120902180672,5,1.4560511897042494,0.9820792201706068,9,0.0
32,1000,100,1000,0.8,banded,clustered,1.0,CG,0.00024056201800704002,5,1.0181243948250691,0.990127117880758,10,0.0
32,1000,100,1000,0.8,banded,clustered,1.0,LSQR,0.00044168392196297646,4,1.252442221487842,0.9817921467473336,1,
32,1000,100,1000,0.8,banded,clustered,1.0,LSQR,0.00042627332732081413,4,1.2292005880030479,0.9840520641594404,2,
32,1000,100,1000,0.8,banded,clustered,1.0,LSQR,0.0004187333397567272,4,1.2587551519393947,0.9850788964271949,3,
32,1000,100,1000,0.8,banded,clustered,1.0,LSQR,0.00041147321462631226,4,1.0204575751065297,0.989069627457008,4,
32,1000,100,1000,0.8,banded,clustered,1.0,LSQR,0.00041908305138349533,4,1.0089996093029914,0.9892297375600488,5,
32,1000,100,1000,0.8,banded,clustered,1.0,LSQR,0.0004293229430913925,4,1.1670329060100448,0.9883182803534286,6,
32,1000,100,1000,0.8,banded,clustered,1.0,LSQR,0.00041014328598976135,4,1.0297040850297274,0.9904411020673354,7,
32,1000,100,1000,0.8,banded,clustered,1.0,LSQR,0.0004125717096030712,4,1.0759679353854399,0.9891574238762596,8,
32,1000,100,1000,0.8,banded,clustered,1.0,LSQR,0.0004134927876293659,4,1.4560511897042505,0.982079220511918,9,
32,1000,100,1000,0.8,banded,clustered,1.0,LSQR,0.00040771299973130226,4,1.0181243948250693,0.9901271180791203,10,
32,1000,100,1000,0.8,banded,clustered,1.0,LSMR,0.0005252240225672722,5,1.2524422214878401,0.9817921462700034,1,
32,1000,100,1000,0.8,banded,clustered,1.0,LSMR,0.0005046138539910316,5,1.2292005880030472,0.9840520638208167,2,
32,1000,100,1000,0.8,banded,clustered,1.0,LSMR,0.0004885140806436539,5,1.2587551519393942,0.9850788961975337,3,
32,1000,100,1000,0.8,banded,clustered,1.0,LSMR,0.0004956438206136227,5,1.0204575751065297,0.9890696273297946,4,
32,1000,100,1000,0.8,banded,clustered,1.0,LSMR,0.0005026739090681076,5,1.0089996093029914,0.9892297374511554,5,
32,1000,100,1000,0.8,banded,clustered,1.0,LSMR,0.0005098539404571056,5,1.167032906010044,0.9883182800813061,6,
32,1000,100,1000,0.8,banded,clustered,1.0,LSMR,0.0005072639323771,5,1.0297040850297272,0.9904411019542276,7,
32,1000,100,1000,0.8,banded,clustered,1.0,LSMR,0.0005013337358832359,5,1.075967935385439,0.9891574235624334,8,
32,1000,100,1000,0.8,banded,clustered,1.0,LSMR,0.0005032042972743511,5,1.4560511897042492,0.9820792201706873,9,
32,1000,100,1000,0.8,banded,clustered,1.0,LSMR,0.0004989840090274811,5,1.0181243948250691,0.9901271178808042,10,
33,1000,100,1000,0.8,block,linear,1.0,Direct,0.0035919370129704475,1,1.9093295422835643,0.9512694131572524,1,
33,1000,100,1000,0.8,block,linear,1.0,Direct,0.0035446370020508766,1,2.138993923814566,0.944880260532717,2,
33,1000,100,1000,0.8,block,linear,1.0,Direct,0.0035116858780384064,1,2.528480422117135,0.9278003542368359,3,
33,1000,100,1000,0.8,block,linear,1.0,Direct,0.003518246114253998,1,2.0826694343815366,0.9454548365924288,4,
33,1000,100,1000,0.8,block,linear,1.0,Direct,0.0034967567771673203,1,2.1795840674769575,0.937546968477887,5,
33,1000,100,1000,0.8,block,linear,1.0,Direct,0.003525756299495697,1,2.2887695399655015,0.9482743137527405,6,
33,1000,100,1000,0.8,block,linear,1.0,Direct,0.0035119159147143364,1,2.157056375409618,0.9475125633119361,7,
33,1000,100,1000,0.8,block,linear,1.0,Direct,0.0035230773501098156,1,2.299671721009124,0.9390851205065933,8,
33,1000,100,1000,0.8,block,linear,1.0,Direct,0.0035090059973299503,1,2.6197293175287575,0.9324399389756898,9,
33,1000,100,1000,0.8,block,linear,1.0,Direct,0.0035264664329588413,1,2.367000238006288,0.9355773570304396,10,
33,1000,100,1000,0.8,block,linear,1.0,CG,0.0003113318234682083,8,1.909329542283564,0.9512694131586042,1,0.0
33,1000,100,1000,0.8,block,linear,1.0,CG,0.0003079930320382118,8,2.138993923814566,0.9448802605385896,2,0.0
33,1000,100,1000,0.8,block,linear,1.0,CG,0.0002885018475353718,8,2.528480422117135,0.9278003542421889,3,0.0
33,1000,100,1000,0.8,block,linear,1.0,CG,0.0002982728183269501,8,2.0826694343815366,0.945454836596841,4,0.0
33,1000,100,1000,0.8,block,linear,1.0,CG,0.0002941633574664593,8,2.1795840674769575,0.9375469684809914,5,0.0
33,1000,100,1000,0.8,block,linear,1.0,CG,0.00029842182993888855,8,2.288769539965501,0.9482743137550993,6,0.0
33,1000,100,1000,0.8,block,linear,1.0,CG,0.0002879919484257698,8,2.1570563754096184,0.9475125633161795,7,0.0
33,1000,100,1000,0.8,block,linear,1.0,CG,0.00029232166707515717,8,2.299671721009123,0.9390851205090247,8,0.0
33,1000,100,1000,0.8,block,linear,1.0,CG,0.00028709182515740395,8,2.6197293175287575,0.9324399389801253,9,0.0
33,1000,100,1000,0.8,block,linear,1.0,CG,0.00029183272272348404,8,2.3670002380062884,0.9355773570339253,10,0.0
33,1000,100,1000,0.8,block,linear,1.0,LSQR,0.0010142181999981403,7,1.9093295422835652,0.9512694131913938,1,
33,1000,100,1000,0.8,block,linear,1.0,LSQR,0.0009821983985602856,7,2.1389939238145685,0.9448802606677645,2,
33,1000,100,1000,0.8,block,linear,1.0,LSQR,0.0009631565771996975,7,2.5284804221171377,0.9278003543075974,3,
33,1000,100,1000,0.8,block,linear,1.0,LSQR,0.0009559271857142448,7,2.082669434381539,0.9454548366485278,4,
33,1000,100,1000,0.8,block,linear,1.0,LSQR,0.000952497124671936,7,2.1795840674769584,0.9375469685291524,5,
33,1000,100,1000,0.8,block,linear,1.0,LSQR,0.0009584072977304459,7,2.2887695399655033,0.9482743138188084,6,
33,1000,100,1000,0.8,block,linear,1.0,LSQR,0.000941587146371603,7,2.1570563754096215,0.9475125634101663,7,
33,1000,100,1000,0.8,block,linear,1.0,LSQR,0.0009427168406546116,7,2.2996717210091258,0.9390851205579858,8,
33,1000,100,1000,0.8,block,linear,1.0,LSQR,0.0009496072307229042,7,2.6197293175287593,0.9324399390528931,9,
33,1000,100,1000,0.8,block,linear,1.0,LSQR,0.0009610876441001892,7,2.36700023800629,0.9355773570834979,10,
33,1000,100,1000,0.8,block,linear,1.0,LSMR,0.0010443981736898422,7,1.9093295422835674,0.9512694131946597,1,
33,1000,100,1000,0.8,block,linear,1.0,LSMR,0.0010018376633524895,7,2.138993923814576,0.9448802606835106,2,
33,1000,100,1000,0.8,block,linear,1.0,LSMR,0.0010047568939626217,7,2.528480422117148,0.9278003543168585,3,
33,1000,100,1000,0.8,block,linear,1.0,LSMR,0.001001426950097084,7,2.0826694343815464,0.9454548366546048,4,
33,1000,100,1000,0.8,block,linear,1.0,LSMR,0.0010105082765221596,7,2.179584067476963,0.9375469685368457,5,
33,1000,100,1000,0.8,block,linear,1.0,LSMR,0.0010111969895660877,7,2.288769539965511,0.9482743138272587,6,
33,1000,100,1000,0.8,block,linear,1.0,LSMR,0.0010892380960285664,8,2.1570563754096184,0.9475125633168078,7,
33,1000,100,1000,0.8,block,linear,1.0,LSMR,0.00099937804043293,7,2.299671721009134,0.9390851205661431,8,
33,1000,100,1000,0.8,block,linear,1.0,LSMR,0.0009963572956621647,7,2.6197293175287646,0.9324399390609663,9,
33,1000,100,1000,0.8,block,linear,1.0,LSMR,0.0009897970594465733,7,2.3670002380062933,0.9355773570895992,10,
34,1000,100,1000,0.8,block,exponential,1.0,Direct,0.0035733659751713276,1,0.9175569558994205,0.9900428452966079,1,
34,1000,100,1000,0.8,block,exponential,1.0,Direct,0.0035712369717657566,1,1.2123686596776873,0.9839962168363481,2,
34,1000,100,1000,0.8,block,exponential,1.0,Direct,0.0035375459119677544,1,1.1773241826150804,0.9860958052618165,3,
34,1000,100,1000,0.8,block,exponential,1.0,Direct,0.003538056742399931,1,1.1927505211836973,0.9836792140863718,4,
34,1000,100,1000,0.8,block,exponential,1.0,Direct,0.0035527171567082405,1,1.0022293076496445,0.9889656195797834,5,
34,1000,100,1000,0.8,block,exponential,1.0,Direct,0.0035125669091939926,1,1.149160227813802,0.9879983974651393,6,
34,1000,100,1000,0.8,block,exponential,1.0,Direct,0.003545386716723442,1,1.2453613460744513,0.9843758957252238,7,
34,1000,100,1000,0.8,block,exponential,1.0,Direct,0.0035259868018329144,1,1.2692526576883374,0.9831232571088158,8,
34,1000,100,1000,0.8,block,exponential,1.0,Direct,0.003551297355443239,1,1.4232838753544397,0.9821139846653829,9,
34,1000,100,1000,0.8,block,exponential,1.0,Direct,0.0035142074339091778,1,0.9832365527659024,0.990624726020798,10,
34,1000,100,1000,0.8,block,exponential,1.0,CG,0.0002902308478951454,7,0.9175569558994205,0.9900428452994755,1,0.0
34,1000,100,1000,0.8,block,exponential,1.0,CG,0.0002774330787360668,7,1.2123686596776873,0.9839962168456058,2,0.0
34,1000,100,1000,0.8,block,exponential,1.0,CG,0.0002767522819340229,7,1.1773241826150806,0.986095805273878,3,0.0
34,1000,100,1000,0.8,block,exponential,1.0,CG,0.00027247238904237747,7,1.192750521183697,0.9836792141024229,4,0.0
34,1000,100,1000,0.8,block,exponential,1.0,CG,0.00026680203154683113,7,1.0022293076496445,0.988965619585721,5,0.0
34,1000,100,1000,0.8,block,exponential,1.0,CG,0.0002840324304997921,7,1.1491602278138018,0.9879983974686929,6,0.0
34,1000,100,1000,0.8,block,exponential,1.0,CG,0.0002669920213520527,7,1.245361346074451,0.9843758957288583,7,0.0
34,1000,100,1000,0.8,block,exponential,1.0,CG,0.00027599185705184937,7,1.2692526576883374,0.9831232571168818,8,0.0
34,1000,100,1000,0.8,block,exponential,1.0,CG,0.00028162216767668724,7,1.4232838753544397,0.9821139846694968,9,0.0
34,1000,100,1000,0.8,block,exponential,1.0,CG,0.00027434295043349266,7,0.9832365527659025,0.9906247260257863,10,0.0
34,1000,100,1000,0.8,block,exponential,1.0,LSQR,0.0009107659570872784,6,0.917556955899421,0.990042845410271,1,
34,1000,100,1000,0.8,block,exponential,1.0,LSQR,0.0008766669780015945,6,1.2123686596776881,0.9839962170165838,2,
34,1000,100,1000,0.8,block,exponential,1.0,LSQR,0.0008663269691169262,6,1.1773241826150815,0.986095805544906,3,
34,1000,100,1000,0.8,block,exponential,1.0,LSQR,0.0008536260575056076,6,1.1927505211837004,0.9836792144621137,4,
34,1000,100,1000,0.8,block,exponential,1.0,LSQR,0.0008554961532354355,6,1.0022293076496451,0.9889656196905979,5,
34,1000,100,1000,0.8,block,exponential,1.0,LSQR,0.000855627004057169,6,1.1491602278138022,0.9879983975908426,6,
34,1000,100,1000,0.8,block,exponential,1.0,LSQR,0.0008305259980261326,6,1.2453613460744515,0.9843758957996611,7,
34,1000,100,1000,0.8,block,exponential,1.0,LSQR,0.0008499473333358765,6,1.2692526576883387,0.9831232573205108,8,
34,1000,100,1000,0.8,block,exponential,1.0,LSQR,0.0008463757112622261,6,1.4232838753544401,0.9821139847835035,9,
34,1000,100,1000,0.8,block,exponential,1.0,LSQR,0.0008512260392308235,6,0.9832365527659028,0.9906247261228723,10,
34,1000,100,1000,0.8,block,exponential,1.0,LSMR,0.000895276665687561,6,0.9175569558994222,0.9900428454160448,1,
34,1000,100,1000,0.8,block,exponential,1.0,LSMR,0.0010038879700005054,7,1.2123686596776873,0.9839962168460358,2,
34,1000,100,1000,0.8,block,exponential,1.0,LSMR,0.0010004481300711632,7,1.1773241826150806,0.9860958052753301,3,
34,1000,100,1000,0.8,block,exponential,1.0,LSMR,0.0010190578177571297,7,1.1927505211836973,0.9836792141030143,4,
34,1000,100,1000,0.8,block,exponential,1.0,LSMR,0.000905787106603384,6,1.0022293076496462,0.9889656196951394,5,
34,1000,100,1000,0.8,block,exponential,1.0,LSMR,0.0009022168815135956,6,1.1491602278138033,0.9879983975986882,6,
34,1000,100,1000,0.8,block,exponential,1.0,LSMR,0.0008972869254648685,6,1.2453613460744524,0.9843758958059785,7,
34,1000,100,1000,0.8,block,exponential,1.0,LSMR,0.0009888969361782074,7,1.2692526576883374,0.9831232571174465,8,
34,1000,100,1000,0.8,block,exponential,1.0,LSMR,0.000886137131601572,6,1.4232838753544406,0.9821139847879132,9,
34,1000,100,1000,0.8,block,exponential,1.0,LSMR,0.0008697072044014931,6,0.9832365527659039,0.9906247261270706,10,
35,1000,100,1000,0.8,block,polynomial,1.0,Direct,0.003562157042324543,1,1.5318309790820221,0.9700049029204165,1,
35,1000,100,1000,0.8,block,polynomial,1.0,Direct,0.003542876336723566,1,1.7782701051077316,0.9633178842076578,2,
35,1000,100,1000,0.8,block,polynomial,1.0,Direct,0.003524156752973795,1,1.9585153162142759,0.9585883262067876,3,
35,1000,100,1000,0.8,block,polynomial,1.0,Direct,0.0035145957954227924,1,1.7219026035163039,0.9638896610578316,4,
35,1000,100,1000,0.8,block,polynomial,1.0,Direct,0.003537846729159355,1,1.7304727648133624,0.9628244672271916,5,
35,1000,100,1000,0.8,block,polynomial,1.0,Direct,0.0035131461918354034,1,1.7696685509850174,0.9700364732755256,6,
35,1000,100,1000,0.8,block,polynomial,1.0,Direct,0.0035318457521498203,1,1.7972128686978088,0.9648440128589659,7,
35,1000,100,1000,0.8,block,polynomial,1.0,Direct,0.0035163266584277153,1,1.8971609788078283,0.9599765159173212,8,
35,1000,100,1000,0.8,block,polynomial,1.0,Direct,0.0035446472465991974,1,2.171124596116419,0.9554703826473876,9,
35,1000,100,1000,0.8,block,polynomial,1.0,Direct,0.0035208058543503284,1,1.8148028274890937,0.964154890833994,10,
35,1000,100,1000,0.8,block,polynomial,1.0,CG,0.00029407208785414696,7,1.5318309790820224,0.9700049029670802,1,0.0
35,1000,100,1000,0.8,block,polynomial,1.0,CG,0.0002957219257950783,7,1.7782701051077316,0.963317884335115,2,0.0
35,1000,100,1000,0.8,block,polynomial,1.0,CG,0.0002970816567540169,8,1.9585153162142759,0.9585883262148253,3,0.0
35,1000,100,1000,0.8,block,polynomial,1.0,CG,0.0003021620213985443,8,1.7219026035163039,0.963889661060393,4,0.0
35,1000,100,1000,0.8,block,polynomial,1.0,CG,0.00027617206797003746,7,1.7304727648133629,0.9628244672903558,5,0.0
35,1000,100,1000,0.8,block,polynomial,1.0,CG,0.0002953321672976017,8,1.7696685509850174,0.9700364732774686,6,0.0
35,1000,100,1000,0.8,block,polynomial,1.0,CG,0.0002844119444489479,7,1.7972128686978095,0.9648440129226618,7,0.0
35,1000,100,1000,0.8,block,polynomial,1.0,CG,0.0002734917216002941,7,1.8971609788078287,0.9599765159982377,8,0.0
35,1000,100,1000,0.8,block,polynomial,1.0,CG,0.0002756020985543728,7,2.171124596116419,0.9554703827005953,9,0.0
35,1000,100,1000,0.8,block,polynomial,1.0,CG,0.00026748189702630043,7,1.814802827489094,0.9641548908830826,10,0.0
35,1000,100,1000,0.8,block,polynomial,1.0,LSQR,0.0009991470724344254,7,1.5318309790820224,0.9700049029670802,1,
35,1000,100,1000,0.8,block,polynomial,1.0,LSQR,0.0009731468744575977,7,1.7782701051077319,0.963317884335115,2,
35,1000,100,1000,0.8,block,polynomial,1.0,LSQR,0.0009780670516192913,7,1.9585153162142765,0.9585883263152323,3,
35,1000,100,1000,0.8,block,polynomial,1.0,LSQR,0.000952267087996006,7,1.721902603516304,0.9638896611128708,4,
35,1000,100,1000,0.8,block,polynomial,1.0,LSQR,0.0009501068852841854,7,1.7304727648133629,0.9628244672903558,5,
35,1000,100,1000,0.8,block,polynomial,1.0,LSQR,0.0009472668170928955,7,1.7696685509850176,0.9700364733227453,6,
35,1000,100,1000,0.8,block,polynomial,1.0,LSQR,0.0009447578340768814,7,1.7972128686978093,0.9648440129226618,7,
35,1000,100,1000,0.8,block,polynomial,1.0,LSQR,0.0009706667624413967,7,1.8971609788078287,0.9599765159982377,8,
35,1000,100,1000,0.8,block,polynomial,1.0,LSQR,0.0009422269649803638,7,2.171124596116419,0.9554703827005953,9,
35,1000,100,1000,0.8,block,polynomial,1.0,LSQR,0.0009616469033062458,7,1.814802827489094,0.9641548908830826,10,
35,1000,100,1000,0.8,block,polynomial,1.0,LSMR,0.00099265668541193,7,1.531830979082023,0.9700049029718679,1,
35,1000,100,1000,0.8,block,polynomial,1.0,LSMR,0.0010274271480739117,7,1.778270105107733,0.9633178843468752,2,
35,1000,100,1000,0.8,block,polynomial,1.0,LSMR,0.0009900368750095367,7,1.9585153162142792,0.9585883263281045,3,
35,1000,100,1000,0.8,block,polynomial,1.0,LSMR,0.000994817353785038,7,1.7219026035163054,0.9638896611181181,4,
35,1000,100,1000,0.8,block,polynomial,1.0,LSMR,0.0010052570141851902,7,1.7304727648133635,0.9628244672954773,5,
35,1000,100,1000,0.8,block,polynomial,1.0,LSMR,0.0009955568239092827,7,1.7696685509850185,0.9700364733275996,6,
35,1000,100,1000,0.8,block,polynomial,1.0,LSMR,0.0009993179701268673,7,1.7972128686978102,0.96484401292738,7,
35,1000,100,1000,0.8,block,polynomial,1.0,LSMR,0.0009794770739972591,7,1.8971609788078299,0.9599765160065592,8,
35,1000,100,1000,0.8,block,polynomial,1.0,LSMR,0.00097647774964571,7,2.1711245961164196,0.9554703827050928,9,
35,1000,100,1000,0.8,block,polynomial,1.0,LSMR,0.000994367990642786,7,1.8148028274890942,0.9641548908867177,10,
36,1000,100,1000,0.8,block,clustered,1.0,Direct,0.003576796967536211,1,1.856669961556146,0.9519754234454337,1,
36,1000,100,1000,0.8,block,clustered,1.0,Direct,0.0035642660222947598,1,2.084044971213202,0.9461854060777535,2,
36,1000,100,1000,0.8,block,clustered,1.0,Direct,0.0035283961333334446,1,2.3026434776562725,0.9379335338819448,3,
36,1000,100,1000,0.8,block,clustered,1.0,Direct,0.0035323570482432842,1,1.8928012619621928,0.9539658153976779,4,
36,1000,100,1000,0.8,block,clustered,1.0,Direct,0.003525775857269764,1,2.047835118166542,0.9427406535753242,5,
36,1000,100,1000,0.8,block,clustered,1.0,Direct,0.0035247267223894596,1,1.9927233484998412,0.9601511508984987,6,
36,1000,100,1000,0.8,block,clustered,1.0,Direct,0.0035494770854711533,1,2.0016783147728394,0.953674800983202,7,
36,1000,100,1000,0.8,block,clustered,1.0,Direct,0.003552295733243227,1,2.2291400794387877,0.9404267265716405,8,
36,1000,100,1000,0.8,block,clustered,1.0,Direct,0.0035415966995060444,1,2.577484339192342,0.9320632018044896,9,
36,1000,100,1000,0.8,block,clustered,1.0,Direct,0.003517565783113241,1,2.213165456184788,0.9409603320278119,10,
36,1000,100,1000,0.8,block,clustered,1.0,CG,0.00031097233295440674,8,1.8566699615561466,0.9519754235514333,1,0.0
36,1000,100,1000,0.8,block,clustered,1.0,CG,0.0003023422323167324,8,2.0840449712132023,0.9461854061835006,2,0.0
36,1000,100,1000,0.8,block,clustered,1.0,CG,0.00028469227254390717,8,2.3026434776562725,0.937933533999413,3,0.0
36,1000,100,1000,0.8,block,clustered,1.0,CG,0.0002938220277428627,8,1.892801261962193,0.9539658154536346,4,0.0
36,1000,100,1000,0.8,block,clustered,1.0,CG,0.0002850419841706753,8,2.047835118166542,0.9427406537140504,5,0.0
36,1000,100,1000,0.8,block,clustered,1.0,CG,0.00030984310433268547,9,1.9927233484998415,0.9601511509115426,6,0.0
36,1000,100,1000,0.8,block,clustered,1.0,CG,0.0002949121408164501,9,2.0016783147728394,0.9536748009968811,7,0.0
36,1000,100,1000,0.8,block,clustered,1.0,CG,0.00028200214728713036,8,2.229140079438788,0.940426726700824,8,0.0
36,1000,100,1000,0.8,block,clustered,1.0,CG,0.00028280215337872505,8,2.5774843391923428,0.9320632019604718,9,0.0
36,1000,100,1000,0.8,block,clustered,1.0,CG,0.00030618300661444664,9,2.2131654561847878,0.9409603320423109,10,0.0
36,1000,100,1000,0.8,block,clustered,1.0,LSQR,0.0011056680232286453,8,1.8566699615561466,0.9519754235514333,1,
36,1000,100,1000,0.8,block,clustered,1.0,LSQR,0.0010677790269255638,8,2.084044971213202,0.9461854061835006,2,
36,1000,100,1000,0.8,block,clustered,1.0,LSQR,0.001066938042640686,8,2.3026434776562725,0.937933533999413,3,
36,1000,100,1000,0.8,block,clustered,1.0,LSQR,0.0010609379969537258,8,1.8928012619621928,0.9539658154536346,4,
36,1000,100,1000,0.8,block,clustered,1.0,LSQR,0.0010571181774139404,8,2.047835118166542,0.9427406537140504,5,
36,1000,100,1000,0.8,block,clustered,1.0,LSQR,0.0010694880038499832,8,1.9927233484998421,0.9601511510529311,6,
36,1000,100,1000,0.8,block,clustered,1.0,LSQR,0.0010620178654789925,8,2.0016783147728403,0.9536748011070115,7,
36,1000,100,1000,0.8,block,clustered,1.0,LSQR,0.0010509779676795006,8,2.229140079438788,0.940426726700824,8,
36,1000,100,1000,0.8,block,clustered,1.0,LSQR,0.0010460279881954193,8,2.5774843391923423,0.9320632019604718,9,
36,1000,100,1000,0.8,block,clustered,1.0,LSQR,0.0010796678252518177,8,2.213165456184789,0.9409603322331256,10,
36,1000,100,1000,0.8,block,clustered,1.0,LSMR,0.0011305790394544601,8,1.8566699615561484,0.9519754235643506,1,
36,1000,100,1000,0.8,block,clustered,1.0,LSMR,0.0011147093027830124,8,2.084044971213203,0.9461854061942029,2,
36,1000,100,1000,0.8,block,clustered,1.0,LSMR,0.0011134590022265911,8,2.3026434776562734,0.9379335340093319,3,
36,1000,100,1000,0.8,block,clustered,1.0,LSMR,0.0011087083257734776,8,1.892801261962194,0.9539658154602622,4,
36,1000,100,1000,0.8,block,clustered,1.0,LSMR,0.0011035893112421036,8,2.0478351181665433,0.9427406537330126,5,
36,1000,100,1000,0.8,block,clustered,1.0,LSMR,0.001109047792851925,8,1.9927233484998448,0.9601511510770097,6,
36,1000,100,1000,0.8,block,clustered,1.0,LSMR,0.0011144988238811493,8,2.0016783147728443,0.9536748011282967,7,
36,1000,100,1000,0.8,block,clustered,1.0,LSMR,0.001108798198401928,8,2.2291400794387903,0.9404267267186128,8,
36,1000,100,1000,0.8,block,clustered,1.0,LSMR,0.001097927801311016,8,2.5774843391923454,0.9320632019791552,9,
36,1000,100,1000,0.8,block,clustered,1.0,LSMR,0.0010980777442455292,8,2.2131654561847927,0.9409603322728192,10,
