Experiment,m,n,Condition Number,Sparsity,Sparsity Pattern,Spectrum,Lambda,Solver,Time (s),Iterations,Residual,Relative Error,Run,Info
1,1000,100,10,0.8,random,linear,1.0,Direct,0.0023528169840574265,1,2.3845361752645324,0.9266990590730771,1,
1,1000,100,10,0.8,random,linear,1.0,Direct,0.0022796071134507656,1,2.3694687884147645,0.9361368809626935,2,
1,1000,100,10,0.8,random,linear,1.0,Direct,0.002270147204399109,1,2.5701728878304353,0.9307282248276745,3,
1,1000,100,10,0.8,random,linear,1.0,Direct,0.002295427955687046,1,2.3921899147377905,0.9313375951966949,4,
1,1000,100,10,0.8,random,linear,1.0,Direct,0.002255277242511511,1,2.2996977785501755,0.9347178515530556,5,
1,1000,100,10,0.8,random,linear,1.0,Direct,0.002292696852236986,1,2.6373359975390747,0.9328925517904224,6,
1,1000,100,10,0.8,random,linear,1.0,Direct,0.0022713271901011467,1,2.5133624717830845,0.9333080621672153,7,
1,1000,100,10,0.8,random,linear,1.0,Direct,0.0022908071987330914,1,2.4646891902324155,0.9352114560195887,8,
1,1000,100,10,0.8,random,linear,1.0,Direct,0.002290728036314249,1,2.7289370045754064,0.9317171005714567,9,
1,1000,100,10,0.8,random,linear,1.0,Direct,0.00225643627345562,1,2.359267699373565,0.9393532175554864,10,
1,1000,100,10,0.8,random,linear,1.0,CG,0.0002908119931817055,6,2.3845361752645324,0.9266990590728518,1,0.0
1,1000,100,10,0.8,random,linear,1.0,CG,0.0002630217932164669,5,2.3694687884147645,0.9361368809671768,2,0.0
1,1000,100,10,0.8,random,linear,1.0,CG,0.0002456321381032467,5,2.5701728878304357,0.9307282248351143,3,0.0
1,1000,100,10,0.8,random,linear,1.0,CG,0.00025990232825279236,6,2.392189914737791,0.9313375951965445,4,0.0
1,1000,100,10,0.8,random,linear,1.0,CG,0.0002579623833298683,6,2.299697778550176,0.9347178515531499,5,0.0
1,1000,100,10,0.8,random,linear,1.0,CG,0.0002441932447254658,5,2.6373359975390747,0.9328925517943725,6,0.0
1,1000,100,10,0.8,random,linear,1.0,CG,0.00025407085195183754,5,2.513362471783085,0.9333080621699111,7,0.0
1,1000,100,10,0.8,random,linear,1.0,CG,0.0002585817128419876,6,2.464689190232415,0.9352114560196453,8,0.0
1,1000,100,10,0.8,random,linear,1.0,CG,0.0002422519028186798,5,2.728937004575407,0.9317171005764372,9,0.0
1,1000,100,10,0.8,random,linear,1.0,CG,0.0002544419839978218,6,2.359267699373565,0.9393532175555689,10,0.0
1,1000,100,10,0.8,random,linear,1.0,LSQR,0.0007499563507735729,5,2.3845361752645324,0.9266990590772327,1,
1,1000,100,10,0.8,random,linear,1.0,LSQR,0.0006999950855970383,5,2.3694687884147645,0.9361368809671768,2,
1,1000,100,10,0.8,random,linear,1.0,LSQR,0.0007160860113799572,5,2.5701728878304357,0.9307282248351143,3,
1,1000,100,10,0.8,random,linear,1.0,LSQR,0.0007016351446509361,5,2.392189914737791,0.9313375951997794,4,
1,1000,100,10,0.8,random,linear,1.0,LSQR,0.0007129046134650707,5,2.299697778550176,0.9347178515586005,5,
1,1000,100,10,0.8,random,linear,1.0,LSQR,0.0007028151303529739,5,2.6373359975390747,0.9328925517943725,6,
1,1000,100,10,0.8,random,linear,1.0,LSQR,0.0007162862457334995,5,2.513362471783085,0.9333080621699111,7,
1,1000,100,10,0.8,random,linear,1.0,LSQR,0.0007027559913694859,5,2.4646891902324155,0.9352114560308851,8,
1,1000,100,10,0.8,random,linear,1.0,LSQR,0.0007192362099885941,5,2.728937004575407,0.9317171005764372,9,
1,1000,100,10,0.8,random,linear,1.0,LSQR,0.0007199249230325222,5,2.359267699373565,0.9393532175598032,10,
1,1000,100,10,0.8,random,linear,1.0,LSMR,0.0007623457349836826,5,2.384536175264533,0.926699059077735,1,
1,1000,100,10,0.8,random,linear,1.0,LSMR,0.0007438259199261665,5,2.369468788414765,0.9361368809675031,2,
1,1000,100,10,0.8,random,linear,1.0,LSMR,0.0007393653504550457,5,2.570172887830436,0.9307282248355114,3,
1,1000,100,10,0.8,random,linear,1.0,LSMR,0.0007446748204529285,5,2.392189914737792,0.9313375952003563,4,
1,1000,100,10,0.8,random,linear,1.0,LSMR,0.0007373262196779251,5,2.2996977785501764,0.934717851559147,5,
1,1000,100,10,0.8,random,linear,1.0,LSMR,0.0007642260752618313,5,2.637335997539075,0.9328925517946927,6,
1,1000,100,10,0.8,random,linear,1.0,LSMR,0.0007546958513557911,5,2.5133624717830854,0.9333080621703194,7,
1,1000,100,10,0.8,random,linear,1.0,LSMR,0.0007502050139009953,5,2.4646891902324155,0.9352114560314421,8,
1,1000,100,10,0.8,random,linear,1.0,LSMR,0.0007675462402403355,5,2.728937004575407,0.9317171005767341,9,
1,1000,100,10,0.8,random,linear,1.0,LSMR,0.0007722261361777782,5,2.3592676993735653,0.9393532175602941,10,
2,1000,100,10,0.8,random,exponential,1.0,Direct,0.0023308568634092808,1,1.926098329525422,0.9540520042997097,1,
2,1000,100,10,0.8,random,exponential,1.0,Direct,0.0022723269648849964,1,1.9030043835310952,0.9603026487948972,2,
2,1000,100,10,0.8,random,exponential,1.0,Direct,0.002246166579425335,1,2.0117647778626733,0.9592383213546464,3,
2,1000,100,10,0.8,random,exponential,1.0,Direct,0.002302437089383602,1,1.8818145658998504,0.9591936660480076,4,
2,1000,100,10,0.8,random,exponential,1.0,Direct,0.0022353571839630604,1,1.824707969008123,0.9605831992994454,5,
2,1000,100,10,0.8,random,exponential,1.0,Direct,0.002246097195893526,1,2.0716656099587416,0.9600849742639642,6,
2,1000,100,10,0.8,random,exponential,1.0,Direct,0.002234037034213543,1,1.9910655988940087,0.9598444970324007,7,
2,1000,100,10,0.8,random,exponential,1.0,Direct,0.002276316750794649,1,1.9134632662038176,0.9624567480791187,8,
2,1000,100,10,0.8,random,exponential,1.0,Direct,0.0022307266481220722,1,2.18608842577124,0.9577110815978095,9,
2,1000,100,10,0.8,random,exponential,1.0,Direct,0.0022620167583227158,1,1.8532264985371083,0.9639051161493556,10,
2,1000,100,10,0.8,random,exponential,1.0,CG,0.0002550622448325157,5,1.9260983295254217,0.9540520043011382,1,0.0
2,1000,100,10,0.8,random,exponential,1.0,CG,0.00024156086146831512,5,1.9030043835310952,0.9603026487953731,2,0.0
2,1000,100,10,0.8,random,exponential,1.0,CG,0.00024294201284646988,5,2.0117647778626733,0.9592383213564072,3,0.0
2,1000,100,10,0.8,random,exponential,1.0,CG,0.00025141192600131035,5,1.8818145658998504,0.959193666049348,4,0.0
2,1000,100,10,0.8,random,exponential,1.0,CG,0.00025025196373462677,5,1.824707969008123,0.9605831993012215,5,0.0
2,1000,100,10,0.8,random,exponential,1.0,CG,0.00024815183132886887,5,2.0716656099587416,0.9600849742644857,6,0.0
2,1000,100,10,0.8,random,exponential,1.0,CG,0.0002429308369755745,5,1.991065598894009,0.9598444970336244,7,0.0
2,1000,100,10,0.8,random,exponential,1.0,CG,0.00023985235020518303,5,1.9134632662038176,0.9624567480807226,8,0.0
2,1000,100,10,0.8,random,exponential,1.0,CG,0.00023886095732450485,5,2.18608842577124,0.9577110815985591,9,0.0
2,1000,100,10,0.8,random,exponential,1.0,CG,0.0002441420219838619,5,1.853226498537108,0.9639051161501303,10,0.0
2,1000,100,10,0.8,random,exponential,1.0,LSQR,0.0007499749772250652,5,1.9260983295254217,0.9540520043011382,1,
2,1000,100,10,0.8,random,exponential,1.0,LSQR,0.0007349560037255287,5,1.9030043835310952,0.9603026487953731,2,
2,1000,100,10,0.8,random,exponential,1.0,LSQR,0.0006998763419687748,5,2.0117647778626733,0.9592383213564072,3,
2,1000,100,10,0.8,random,exponential,1.0,LSQR,0.0007043052464723587,5,1.8818145658998504,0.959193666049348,4,
2,1000,100,10,0.8,random,exponential,1.0,LSQR,0.0007184362038969994,5,1.824707969008123,0.9605831993012215,5,
2,1000,100,10,0.8,random,exponential,1.0,LSQR,0.0007203849963843822,5,2.0716656099587416,0.9600849742644857,6,
2,1000,100,10,0.8,random,exponential,1.0,LSQR,0.0007196152582764626,5,1.991065598894009,0.9598444970336244,7,
2,1000,100,10,0.8,random,exponential,1.0,LSQR,0.0007183258421719074,5,1.9134632662038176,0.9624567480807226,8,
2,1000,100,10,0.8,random,exponential,1.0,LSQR,0.0007203849963843822,5,2.18608842577124,0.9577110815985591,9,
2,1000,100,10,0.8,random,exponential,1.0,LSQR,0.0007208962924778461,5,1.853226498537108,0.9639051161501301,10,
2,1000,100,10,0.8,random,exponential,1.0,LSMR,0.0007650163024663925,5,1.926098329525422,0.954052004301211,1,
2,1000,100,10,0.8,random,exponential,1.0,LSMR,0.0007399460300803185,5,1.9030043835310952,0.9603026487954266,2,
2,1000,100,10,0.8,random,exponential,1.0,LSMR,0.0007286160252988338,5,2.0117647778626733,0.95923832135648,3,
2,1000,100,10,0.8,random,exponential,1.0,LSMR,0.0007197149097919464,5,1.8818145658998504,0.9591936660494175,4,
2,1000,100,10,0.8,random,exponential,1.0,LSMR,0.0007608458399772644,5,1.8247079690081232,0.9605831993012959,5,
2,1000,100,10,0.8,random,exponential,1.0,LSMR,0.0007301848381757736,5,2.071665609958741,0.9600849742645251,6,
2,1000,100,10,0.8,random,exponential,1.0,LSMR,0.0007587061263620853,5,1.991065598894009,0.959844497033678,7,
2,1000,100,10,0.8,random,exponential,1.0,LSMR,0.0007407045923173428,5,1.9134632662038173,0.9624567480807834,8,
2,1000,100,10,0.8,random,exponential,1.0,LSMR,0.000723755918443203,5,2.18608842577124,0.9577110815985913,9,
2,1000,100,10,0.8,random,exponential,1.0,LSMR,0.0007604560814797878,5,1.8532264985371083,0.9639051161501866,10,
3,1000,100,10,0.8,random,polynomial,1.0,Direct,0.0023718583397567272,1,1.9866773466804053,0.9508458325082193,1,
3,1000,100,10,0.8,random,polynomial,1.0,Direct,0.002271087374538183,1,1.9646061869409495,0.9574900973236001,2,
3,1000,100,10,0.8,random,polynomial,1.0,Direct,0.0022652968764305115,1,2.080669636857238,0.9561951614666101,3,
3,1000,100,10,0.8,random,polynomial,1.0,Direct,0.0022945282980799675,1,1.944778975218207,0.9561917844916725,4,
3,1000,100,10,0.8,random,polynomial,1.0,Direct,0.002248266711831093,1,1.8897121080464807,0.9574687458197235,5,
3,1000,100,10,0.8,random,polynomial,1.0,Direct,0.0022625369019806385,1,2.1425336911404433,0.9571107101486738,6,
3,1000,100,10,0.8,random,polynomial,1.0,Direct,0.0022179968655109406,1,2.0565985189922746,0.9569456142688393,7,
3,1000,100,10,0.8,random,polynomial,1.0,Direct,0.0022811880335211754,1,1.9729691059022987,0.9598941025019453,8,
3,1000,100,10,0.8,random,polynomial,1.0,Direct,0.002230506855994463,1,2.2627668484406915,0.9544556225722564,9,
3,1000,100,10,0.8,random,polynomial,1.0,Direct,0.0022446969524025917,1,1.9133122744656552,0.9613718788898594,10,
3,1000,100,10,0.8,random,polynomial,1.0,CG,0.0002622529864311218,5,1.9866773466804055,0.9508458325100043,1,0.0
3,1000,100,10,0.8,random,polynomial,1.0,CG,0.0002441219985485077,5,1.9646061869409492,0.9574900973242131,2,0.0
3,1000,100,10,0.8,random,polynomial,1.0,CG,0.0002427319996058941,5,2.0806696368572384,0.9561951614688153,3,0.0
3,1000,100,10,0.8,random,polynomial,1.0,CG,0.00024475203827023506,5,1.9447789752182068,0.95619178449332,4,0.0
3,1000,100,10,0.8,random,polynomial,1.0,CG,0.00023837201297283173,5,1.8897121080464807,0.9574687458217884,5,0.0
3,1000,100,10,0.8,random,polynomial,1.0,CG,0.00023839203640818596,5,2.142533691140443,0.9571107101493388,6,0.0
3,1000,100,10,0.8,random,polynomial,1.0,CG,0.00024214200675487518,5,2.0565985189922746,0.956945614270631,7,0.0
3,1000,100,10,0.8,random,polynomial,1.0,CG,0.00024001207202672958,5,1.972969105902299,0.9598941025040888,8,0.0
3,1000,100,10,0.8,random,polynomial,1.0,CG,0.00024001207202672958,5,2.2627668484406915,0.954455622573237,9,0.0
3,1000,100,10,0.8,random,polynomial,1.0,CG,0.00024300115182995796,5,1.9133122744656552,0.9613718788909383,10,0.0
3,1000,100,10,0.8,random,polynomial,1.0,LSQR,0.000750555656850338,5,1.9866773466804053,0.9508458325100043,1,
3,1000,100,10,0.8,random,polynomial,1.0,LSQR,0.0007329760119318962,5,1.9646061869409492,0.9574900973242131,2,
3,1000,100,10,0.8,random,polynomial,1.0,LSQR,0.000717915128916502,5,2.0806696368572384,0.9561951614688153,3,
3,1000,100,10,0.8,random,polynomial,1.0,LSQR,0.0007016449235379696,5,1.9447789752182068,0.95619178449332,4,
3,1000,100,10,0.8,random,polynomial,1.0,LSQR,0.000703815370798111,5,1.8897121080464807,0.9574687458217884,5,
3,1000,100,10,0.8,random,polynomial,1.0,LSQR,0.0007129451259970665,5,2.142533691140443,0.9571107101493388,6,
3,1000,100,10,0.8,random,polynomial,1.0,LSQR,0.0007110061123967171,5,2.0565985189922746,0.956945614270631,7,
3,1000,100,10,0.8,random,polynomial,1.0,LSQR,0.0007123849354684353,5,1.972969105902299,0.959894102504089,8,
3,1000,100,10,0.8,random,polynomial,1.0,LSQR,0.0007127956487238407,5,2.2627668484406915,0.954455622573237,9,
3,1000,100,10,0.8,random,polynomial,1.0,LSQR,0.0007213447242975235,5,1.9133122744656552,0.9613718788909383,10,
3,1000,100,10,0.8,random,polynomial,1.0,LSMR,0.0007890560664236546,5,1.9866773466804053,0.9508458325100944,1,
3,1000,100,10,0.8,random,polynomial,1.0,LSMR,0.0007487460970878601,5,1.9646061869409495,0.9574900973242841,2,
3,1000,100,10,0.8,random,polynomial,1.0,LSMR,0.0007376959547400475,5,2.0806696368572384,0.9561951614689127,3,
3,1000,100,10,0.8,random,polynomial,1.0,LSMR,0.0007312861271202564,5,1.9447789752182068,0.956191784493419,4,
3,1000,100,10,0.8,random,polynomial,1.0,LSMR,0.0007287249900400639,5,1.8897121080464807,0.9574687458218997,5,
3,1000,100,10,0.8,random,polynomial,1.0,LSMR,0.000746455043554306,5,2.142533691140443,0.9571107101493959,6,
3,1000,100,10,0.8,random,polynomial,1.0,LSMR,0.0007376451976597309,5,2.0565985189922746,0.9569456142707202,7,
3,1000,100,10,0.8,random,polynomial,1.0,LSMR,0.0007275049574673176,5,1.9729691059022987,0.9598941025041732,8,
3,1000,100,10,0.8,random,polynomial,1.0,LSMR,0.0007300558499991894,5,2.2627668484406915,0.9544556225732824,9,
3,1000,100,10,0.8,random,polynomial,1.0,LSMR,0.0007545058615505695,5,1.913312274465655,0.9613718788910286,10,
4,1000,100,10,0.8,random,clustered,1.0,Direct,0.002338007092475891,1,2.3700064708722635,0.9274280334016544,1,
4,1000,100,10,0.8,random,clustered,1.0,Direct,0.0022488869726657867,1,2.3468569089468883,0.9374582346132906,2,
4,1000,100,10,0.8,random,clustered,1.0,Direct,0.00223942706361413,1,2.478837120280171,0.9358361590768923,3,
4,1000,100,10,0.8,random,clustered,1.0,Direct,0.0023190979845821857,1,2.3098996698564664,0.9362851168515819,4,
4,1000,100,10,0.8,random,clustered,1.0,Direct,0.0022439369931817055,1,2.3011140445335396,0.9344119400258262,5,
4,1000,100,10,0.8,random,clustered,1.0,Direct,0.00225052610039711,1,2.5807492846436504,0.935907329344215,6,
4,1000,100,10,0.8,random,clustered,1.0,Direct,0.00222734734416008,1,2.468930526841316,0.9359558916279332,7,
4,1000,100,10,0.8,random,clustered,1.0,Direct,0.002271546982228756,1,2.3875049989722044,0.9392905199842649,8,
4,1000,100,10,0.8,random,clustered,1.0,Direct,0.002220017369836569,1,2.7789508451344016,0.9287299393501067,9,
4,1000,100,10,0.8,random,clustered,1.0,Direct,0.0022568670101463795,1,2.3048236046833055,0.9423153551067492,10,
4,1000,100,10,0.8,random,clustered,1.0,CG,0.00028883060440421104,6,2.370006470872264,0.9274280334017159,1,0.0
4,1000,100,10,0.8,random,clustered,1.0,CG,0.0002698511816561222,6,2.346856908946888,0.937458234613436,2,0.0
4,1000,100,10,0.8,random,clustered,1.0,CG,0.0002718418836593628,6,2.478837120280171,0.9358361590769764,3,0.0
4,1000,100,10,0.8,random,clustered,1.0,CG,0.0002771327272057533,6,2.3098996698564664,0.936285116851785,4,0.0
4,1000,100,10,0.8,random,clustered,1.0,CG,0.000266901683062315,6,2.3011140445335396,0.934411940025828,5,0.0
4,1000,100,10,0.8,random,clustered,1.0,CG,0.0002665421925485134,6,2.5807492846436495,0.9359073293441622,6,0.0
4,1000,100,10,0.8,random,clustered,1.0,CG,0.0002622217871248722,6,2.468930526841316,0.9359558916280922,7,0.0
4,1000,100,10,0.8,random,clustered,1.0,CG,0.00026449188590049744,6,2.387504998972205,0.9392905199846342,8,0.0
4,1000,100,10,0.8,random,clustered,1.0,CG,0.0002649817615747452,6,2.778950845134402,0.9287299393503142,9,0.0
4,1000,100,10,0.8,random,clustered,1.0,CG,0.0002636220306158066,6,2.304823604683305,0.9423153551065163,10,0.0
4,1000,100,10,0.8,random,clustered,1.0,LSQR,0.0007590958848595619,5,2.3700064708722643,0.9274280334175085,1,
4,1000,100,10,0.8,random,clustered,1.0,LSQR,0.0007197749800980091,5,2.3468569089468883,0.9374582346257901,2,
4,1000,100,10,0.8,random,clustered,1.0,LSQR,0.0007075960747897625,5,2.4788371202801716,0.9358361590942941,3,
4,1000,100,10,0.8,random,clustered,1.0,LSQR,0.0006944448687136173,5,2.309899669856467,0.9362851168608529,4,
4,1000,100,10,0.8,random,clustered,1.0,LSQR,0.0007107951678335667,5,2.30111404453354,0.934411940038691,5,
4,1000,100,10,0.8,random,clustered,1.0,LSQR,0.0007066251710057259,5,2.58074928464365,0.9359073293484038,6,
4,1000,100,10,0.8,random,clustered,1.0,LSQR,0.0007153460755944252,5,2.4689305268413166,0.9359558916466827,7,
4,1000,100,10,0.8,random,clustered,1.0,LSQR,0.0007047350518405437,5,2.387504998972205,0.9392905200000107,8,
4,1000,100,10,0.8,random,clustered,1.0,LSQR,0.0007054251618683338,5,2.7789508451344025,0.9287299393682082,9,
4,1000,100,10,0.8,random,clustered,1.0,LSQR,0.000720716081559658,5,2.3048236046833055,0.9423153551120684,10,
4,1000,100,10,0.8,random,clustered,1.0,LSMR,0.0007801358588039875,5,2.3700064708722657,0.9274280334190106,1,
4,1000,100,10,0.8,random,clustered,1.0,LSMR,0.0007435362786054611,5,2.3468569089468896,0.9374582346268477,2,
4,1000,100,10,0.8,random,clustered,1.0,LSMR,0.000757286325097084,5,2.4788371202801724,0.9358361590955366,3,
4,1000,100,10,0.8,random,clustered,1.0,LSMR,0.0007478860206902027,5,2.3098996698564678,0.9362851168620707,4,
4,1000,100,10,0.8,random,clustered,1.0,LSMR,0.0007623247802257538,5,2.301114044533541,0.9344119400402591,5,
4,1000,100,10,0.8,random,clustered,1.0,LSMR,0.0007520848885178566,5,2.5807492846436504,0.9359073293488503,6,
4,1000,100,10,0.8,random,clustered,1.0,LSMR,0.0007490660063922405,5,2.4689305268413175,0.935955891647859,7,
4,1000,100,10,0.8,random,clustered,1.0,LSMR,0.000841755885630846,6,2.387504998972205,0.939290519984647,8,
4,1000,100,10,0.8,random,clustered,1.0,LSMR,0.0007503852248191833,5,2.778950845134404,0.9287299393691654,9,
4,1000,100,10,0.8,random,clustered,1.0,LSMR,0.0008681267499923706,6,2.3048236046833055,0.9423153551065246,10,
5,1000,100,10,0.8,block,linear,1.0,Direct,0.00358085660263896,1,1.9937052180271275,0.9463845988302665,1,
5,1000,100,10,0.8,block,linear,1.0,Direct,0.0035452255979180336,1,2.2262561532126,0.9398586916811754,2,
5,1000,100,10,0.8,block,linear,1.0,Direct,0.0035183168947696686,1,2.639763243297453,0.9204484631686941,3,
5,1000,100,10,0.8,block,linear,1.0,Direct,0.003509875852614641,1,2.174085228790827,0.9399980912677082,4,
5,1000,100,10,0.8,block,linear,1.0,Direct,0.0035285670310258865,1,2.279934499682543,0.9308926888410026,5,
5,1000,100,10,0.8,block,linear,1.0,Direct,0.0034996969625353813,1,2.426878086094029,0.9412531364531677,6,
5,1000,100,10,0.8,block,linear,1.0,Direct,0.0035104770213365555,1,2.249920206118496,0.9424295468298896,7,
5,1000,100,10,0.8,block,linear,1.0,Direct,0.0034965756349265575,1,2.3981321572737277,0.9332296686295591,8,
5,1000,100,10,0.8,block,linear,1.0,Direct,0.003488226793706417,1,2.722019530016291,0.9264501129117854,9,
5,1000,100,10,0.8,block,linear,1.0,Direct,0.0034945770166814327,1,2.4875651106541197,0.9279921492041078,10,
5,1000,100,10,0.8,block,linear,1.0,CG,0.0003050430677831173,8,1.9937052180271275,0.946384598830638,1,0.0
5,1000,100,10,0.8,block,linear,1.0,CG,0.0003010118380188942,8,2.2262561532125997,0.9398586916835079,2,0.0
5,1000,100,10,0.8,block,linear,1.0,CG,0.00029138196259737015,8,2.6397632432974527,0.9204484631726408,3,0.0
5,1000,100,10,0.8,block,linear,1.0,CG,0.0002938518300652504,8,2.1740852287908274,0.9399980912704605,4,0.0
5,1000,100,10,0.8,block,linear,1.0,CG,0.00028933165594935417,8,2.279934499682543,0.9308926888419247,5,0.0
5,1000,100,10,0.8,block,linear,1.0,CG,0.0003001322038471699,8,2.426878086094029,0.9412531364543827,6,0.0
5,1000,100,10,0.8,block,linear,1.0,CG,0.00029428163543343544,8,2.249920206118496,0.9424295468321535,7,0.0
5,1000,100,10,0.8,block,linear,1.0,CG,0.0002982020378112793,8,2.3981321572737273,0.9332296686312649,8,0.0
5,1000,100,10,0.8,block,linear,1.0,CG,0.00028993189334869385,8,2.7220195300162904,0.92645011291399,9,0.0
5,1000,100,10,0.8,block,linear,1.0,CG,0.0003000423312187195,8,2.4875651106541197,0.9279921492063735,10,0.0
5,1000,100,10,0.8,block,linear,1.0,LSQR,0.0010071569122374058,7,1.9937052180271284,0.9463845988520355,1,
5,1000,100,10,0.8,block,linear,1.0,LSQR,0.0009635081514716148,7,2.226256153212603,0.9398586917375892,2,
5,1000,100,10,0.8,block,linear,1.0,LSQR,0.0009609069675207138,7,2.6397632432974554,0.9204484632222361,3,
5,1000,100,10,0.8,block,linear,1.0,LSQR,0.0009434171952307224,7,2.17408522879083,0.9399980913134567,4,
5,1000,100,10,0.8,block,linear,1.0,LSQR,0.0009641679935157299,7,2.279934499682544,0.930892688863139,5,
5,1000,100,10,0.8,block,linear,1.0,LSQR,0.0009469073265790939,7,2.4268780860940318,0.9412531364994818,6,
5,1000,100,10,0.8,block,linear,1.0,LSQR,0.0009548170492053032,7,2.249920206118499,0.9424295468835486,7,
5,1000,100,10,0.8,block,linear,1.0,LSQR,0.000959447119385004,7,2.39813215727373,0.9332296686566868,8,
5,1000,100,10,0.8,block,linear,1.0,LSQR,0.0009445170871913433,7,2.7220195300162926,0.9264501129584743,9,
5,1000,100,10,0.8,block,linear,1.0,LSQR,0.0009405571036040783,7,2.4875651106541214,0.9279921492396777,10,
5,1000,100,10,0.8,block,linear,1.0,LSMR,0.0010067569091916084,7,1.9937052180271317,0.9463845988551558,1,
5,1000,100,10,0.8,block,linear,1.0,LSMR,0.0011207177303731441,8,2.2262561532126,0.9398586916837857,2,
5,1000,100,10,0.8,block,linear,1.0,LSMR,0.0010175877250730991,7,2.6397632432974647,0.9204484632288266,3,
5,1000,100,10,0.8,block,linear,1.0,LSMR,0.0010998179204761982,8,2.1740852287908274,0.939998091270871,4,
5,1000,100,10,0.8,block,linear,1.0,LSMR,0.0010155867785215378,7,2.279934499682548,0.9308926888672953,5,
5,1000,100,10,0.8,block,linear,1.0,LSMR,0.001010797917842865,7,2.4268780860940407,0.9412531365064959,6,
5,1000,100,10,0.8,block,linear,1.0,LSMR,0.001093108206987381,8,2.249920206118496,0.9424295468325616,7,
5,1000,100,10,0.8,block,linear,1.0,LSMR,0.0009930473752319813,7,2.398132157273737,0.9332296686607373,8,
5,1000,100,10,0.8,block,linear,1.0,LSMR,0.0009759268723428249,7,2.722019530016299,0.926450112963596,9,
5,1000,100,10,0.8,block,linear,1.0,LSMR,0.0009890468791127205,7,2.487565110654125,0.9279921492434582,10,
6,1000,100,10,0.8,block,exponential,1.0,Direct,0.0035802070051431656,1,1.5948362548757344,0.9674323490557822,1,
6,1000,100,10,0.8,block,exponential,1.0,Direct,0.003538286779075861,1,1.8328402825041437,0.9610308228192803,2,
6,1000,100,10,0.8,block,exponential,1.0,Direct,0.003497266210615635,1,2.0647539343015007,0.9539331097530033,3,
6,1000,100,10,0.8,block,exponential,1.0,Direct,0.0035199159756302834,1,1.7937627681417174,0.9608180677129663,4,
6,1000,100,10,0.8,block,exponential,1.0,Direct,0.003515546675771475,1,1.8137040590947753,0.9590514755867378,5,
6,1000,100,10,0.8,block,exponential,1.0,Direct,0.0035362658090889454,1,1.889720115544867,0.9658290216681151,6,
6,1000,100,10,0.8,block,exponential,1.0,Direct,0.0035491962917149067,1,1.8678760531956138,0.9620678717689038,7,
6,1000,100,10,0.8,block,exponential,1.0,Direct,0.003550227265805006,1,1.9756262937686586,0.9566623646776745,8,
6,1000,100,10,0.8,block,exponential,1.0,Direct,0.003511686809360981,1,2.2431199259429055,0.9525260872130912,9,
6,1000,100,10,0.8,block,exponential,1.0,Direct,0.0035132262855768204,1,1.9202106738776274,0.9597524955335719,10,
6,1000,100,10,0.8,block,exponential,1.0,CG,0.00030531175434589386,7,1.5948362548757344,0.9674323490752952,1,0.0
6,1000,100,10,0.8,block,exponential,1.0,CG,0.0002885023131966591,7,1.8328402825041437,0.9610308228787572,2,0.0
6,1000,100,10,0.8,block,exponential,1.0,CG,0.00030935322865843773,8,2.0647539343015007,0.9539331097557898,3,0.0
6,1000,100,10,0.8,block,exponential,1.0,CG,0.00029192306101322174,7,1.7937627681417176,0.9608180677351368,4,0.0
6,1000,100,10,0.8,block,exponential,1.0,CG,0.00028287293389439583,7,1.8137040590947755,0.9590514756097942,5,0.0
6,1000,100,10,0.8,block,exponential,1.0,CG,0.0002799723297357559,7,1.8897201155448673,0.9658290216909365,6,0.0
6,1000,100,10,0.8,block,exponential,1.0,CG,0.00029082177206873894,7,1.867876053195614,0.9620678717992867,7,0.0
6,1000,100,10,0.8,block,exponential,1.0,CG,0.00028342194855213165,7,1.9756262937686588,0.956662364708522,8,0.0
6,1000,100,10,0.8,block,exponential,1.0,CG,0.0002949228510260582,7,2.2431199259429055,0.9525260872343614,9,0.0
6,1000,100,10,0.8,block,exponential,1.0,CG,0.00027313176542520523,7,1.9202106738776277,0.9597524955600716,10,0.0
6,1000,100,10,0.8,block,exponential,1.0,LSQR,0.0009868168272078037,7,1.5948362548757344,0.9674323490752952,1,
6,1000,100,10,0.8,block,exponential,1.0,LSQR,0.0009519169107079506,7,1.8328402825041437,0.9610308228787572,2,
6,1000,100,10,0.8,block,exponential,1.0,LSQR,0.0009572780691087246,7,2.064753934301501,0.9539331097935596,3,
6,1000,100,10,0.8,block,exponential,1.0,LSQR,0.0009566759690642357,7,1.7937627681417176,0.9608180677351368,4,
6,1000,100,10,0.8,block,exponential,1.0,LSQR,0.000945196021348238,7,1.8137040590947755,0.9590514756097942,5,
6,1000,100,10,0.8,block,exponential,1.0,LSQR,0.0009400066919624805,7,1.889720115544867,0.9658290216909365,6,
6,1000,100,10,0.8,block,exponential,1.0,LSQR,0.0009536473080515862,7,1.8678760531956138,0.9620678717992867,7,
6,1000,100,10,0.8,block,exponential,1.0,LSQR,0.0009510167874395847,7,1.9756262937686586,0.956662364708522,8,
6,1000,100,10,0.8,block,exponential,1.0,LSQR,0.0009441268630325794,7,2.243119925942905,0.9525260872343614,9,
6,1000,100,10,0.8,block,exponential,1.0,LSQR,0.000944577157497406,7,1.9202106738776277,0.9597524955600716,10,
6,1000,100,10,0.8,block,exponential,1.0,LSMR,0.0010110577568411827,7,1.5948362548757349,0.9674323490773492,1,
6,1000,100,10,0.8,block,exponential,1.0,LSMR,0.001007098238915205,7,1.8328402825041445,0.9610308228857841,2,
6,1000,100,10,0.8,block,exponential,1.0,LSMR,0.0010061278007924557,7,2.0647539343015033,0.9539331097992684,3,
6,1000,100,10,0.8,block,exponential,1.0,LSMR,0.0009871581569314003,7,1.7937627681417183,0.9608180677376359,4,
6,1000,100,10,0.8,block,exponential,1.0,LSMR,0.000990028027445078,7,1.8137040590947757,0.9590514756117869,5,
6,1000,100,10,0.8,block,exponential,1.0,LSMR,0.0010009673424065113,7,1.889720115544868,0.9658290216925749,6,
6,1000,100,10,0.8,block,exponential,1.0,LSMR,0.0009867767803370953,7,1.8678760531956142,0.9620678718017763,7,
6,1000,100,10,0.8,block,exponential,1.0,LSMR,0.0009732567705214024,7,1.9756262937686593,0.9566623647121743,8,
6,1000,100,10,0.8,block,exponential,1.0,LSMR,0.0009874170646071434,7,2.2431199259429055,0.9525260872366972,9,
6,1000,100,10,0.8,block,exponential,1.0,LSMR,0.0009738369844853878,7,1.920210673877628,0.9597524955628256,10,
7,1000,100,10,0.8,block,polynomial,1.0,Direct,0.0036083869636058807,1,1.6457004279052374,0.9650312442339343,1,
7,1000,100,10,0.8,block,polynomial,1.0,Direct,0.003532626200467348,1,1.881983455415537,0.9585904036930565,2,
7,1000,100,10,0.8,block,polynomial,1.0,Direct,0.003536475822329521,1,2.1237574398065417,0.9508595118299226,3,
7,1000,100,10,0.8,block,polynomial,1.0,Direct,0.003497097175568342,1,1.8343524330094862,0.9587423085948159,4,
7,1000,100,10,0.8,block,polynomial,1.0,Direct,0.003538456279784441,1,1.8655167364104575,0.9562056106580838,5,
7,1000,100,10,0.8,block,polynomial,1.0,Direct,0.0035245362669229507,1,1.9267314476085642,0.9642809584930325,6,
7,1000,100,10,0.8,block,polynomial,1.0,Direct,0.003547126892954111,1,1.9064739648637166,0.9601406590392682,7,
7,1000,100,10,0.8,block,polynomial,1.0,Direct,0.0035173767246305943,1,2.0202630647098996,0.954301358180078,8,
7,1000,100,10,0.8,block,polynomial,1.0,Direct,0.0034872861579060555,1,2.305140295339846,0.9494044425053625,9,
7,1000,100,10,0.8,block,polynomial,1.0,Direct,0.003525087144225836,1,1.9808599094169572,0.956741574409787,10,
7,1000,100,10,0.8,block,polynomial,1.0,CG,0.0003042719326913357,7,1.6457004279052374,0.9650312442576502,1,0.0
7,1000,100,10,0.8,block,polynomial,1.0,CG,0.00030360184609889984,8,1.881983455415537,0.9585904036972659,2,0.0
7,1000,100,10,0.8,block,polynomial,1.0,CG,0.0003058626316487789,8,2.1237574398065417,0.9508595118329393,3,0.0
7,1000,100,10,0.8,block,polynomial,1.0,CG,0.00029262201860547066,8,1.8343524330094862,0.9587423085965985,4,0.0
7,1000,100,10,0.8,block,polynomial,1.0,CG,0.00030336296185851097,8,1.8655167364104575,0.9562056106600096,5,0.0
7,1000,100,10,0.8,block,polynomial,1.0,CG,0.0003031226806342602,8,1.9267314476085642,0.9642809584948762,6,0.0
7,1000,100,10,0.8,block,polynomial,1.0,CG,0.00029213307425379753,8,1.9064739648637166,0.9601406590429988,7,0.0
7,1000,100,10,0.8,block,polynomial,1.0,CG,0.0003090617246925831,8,2.0202630647098996,0.9543013581834064,8,0.0
7,1000,100,10,0.8,block,polynomial,1.0,CG,0.000285192858427763,7,2.305140295339846,0.9494044425467693,9,0.0
7,1000,100,10,0.8,block,polynomial,1.0,CG,0.0002897619269788265,7,1.9808599094169574,0.9567415744527487,10,0.0
7,1000,100,10,0.8,block,polynomial,1.0,LSQR,0.0009968271479010582,7,1.6457004279052374,0.9650312442576502,1,
7,1000,100,10,0.8,block,polynomial,1.0,LSQR,0.0009489469230175018,7,1.8819834554155377,0.9585904037688854,2,
7,1000,100,10,0.8,block,polynomial,1.0,LSQR,0.0009445971809327602,7,2.123757439806542,0.9508595118743439,3,
7,1000,100,10,0.8,block,polynomial,1.0,LSQR,0.0009508370421826839,7,1.834352433009487,0.9587423086327942,4,
7,1000,100,10,0.8,block,polynomial,1.0,LSQR,0.0009690271690487862,7,1.8655167364104577,0.9562056107007036,5,
7,1000,100,10,0.8,block,polynomial,1.0,LSQR,0.0009470772929489613,7,1.9267314476085646,0.9642809585296184,6,
7,1000,100,10,0.8,block,polynomial,1.0,LSQR,0.0009366166777908802,7,1.9064739648637168,0.9601406591047995,7,
7,1000,100,10,0.8,block,polynomial,1.0,LSQR,0.0009530871175229549,7,2.0202630647099,0.9543013582390014,8,
7,1000,100,10,0.8,block,polynomial,1.0,LSQR,0.0009417179971933365,7,2.3051402953398465,0.9494044425467693,9,
7,1000,100,10,0.8,block,polynomial,1.0,LSQR,0.0009609069675207138,7,1.9808599094169574,0.9567415744527487,10,
7,1000,100,10,0.8,block,polynomial,1.0,LSMR,0.001004538033157587,7,1.6457004279052383,0.9650312442604057,1,
7,1000,100,10,0.8,block,polynomial,1.0,LSMR,0.0009935768321156502,7,1.8819834554155388,0.9585904037772882,2,
7,1000,100,10,0.8,block,polynomial,1.0,LSMR,0.0010145278647542,7,2.123757439806544,0.9508595118797297,3,
7,1000,100,10,0.8,block,polynomial,1.0,LSMR,0.0009761177934706211,7,1.8343524330094887,0.9587423086374531,4,
7,1000,100,10,0.8,block,polynomial,1.0,LSMR,0.0009918571449816227,7,1.8655167364104583,0.9562056107048711,5,
7,1000,100,10,0.8,block,polynomial,1.0,LSMR,0.0009963279590010643,7,1.9267314476085657,0.9642809585324444,6,
7,1000,100,10,0.8,block,polynomial,1.0,LSMR,0.0009906170889735222,7,1.9064739648637183,0.9601406591105849,7,
7,1000,100,10,0.8,block,polynomial,1.0,LSMR,0.000987557228654623,7,2.0202630647099022,0.9543013582463077,8,
7,1000,100,10,0.8,block,polynomial,1.0,LSMR,0.000979296863079071,7,2.305140295339847,0.949404442551072,9,
7,1000,100,10,0.8,block,polynomial,1.0,LSMR,0.0009843572042882442,7,1.9808599094169583,0.9567415744572549,10,
8,1000,100,10,0.8,block,clustered,1.0,Direct,0.003578517120331526,1,1.9295878504868065,0.9481896538999245,1,
8,1000,100,10,0.8,block,clustered,1.0,Direct,0.003531696740537882,1,2.1265352081661026,0.9439572959317499,2,
8,1000,100,10,0.8,block,clustered,1.0,Direct,0.003536056261509657,1,2.4607360502577316,0.9290246692652275,3,
8,1000,100,10,0.8,block,clustered,1.0,Direct,0.003543707076460123,1,1.990223699856576,0.9492182593476274,4,
8,1000,100,10,0.8,block,clustered,1.0,Direct,0.003537836018949747,1,2.128395974964039,0.9382009829551123,5,
8,1000,100,10,0.8,block,clustered,1.0,Direct,0.0035514971241354942,1,2.086599531123844,0.9564236652652043,6,
8,1000,100,10,0.8,block,clustered,1.0,Direct,0.003532565664499998,1,2.099338668775482,0.9490954163076989,7,
8,1000,100,10,0.8,block,clustered,1.0,Direct,0.003542737103998661,1,2.3267648081963217,0.9350939219735945,8,
8,1000,100,10,0.8,block,clustered,1.0,Direct,0.003498456906527281,1,2.6468969265313187,0.9283724099331069,9,
8,1000,100,10,0.8,block,clustered,1.0,Direct,0.0035000070929527283,1,2.3159787006172317,0.9354620621083564,10,
8,1000,100,10,0.8,block,clustered,1.0,CG,0.00031215185299515724,8,1.9295878504868071,0.9481896539616491,1,0.0
8,1000,100,10,0.8,block,clustered,1.0,CG,0.0003041420131921768,8,2.1265352081661026,0.9439572960290573,2,0.0
8,1000,100,10,0.8,block,clustered,1.0,CG,0.0002995622344315052,8,2.4607360502577325,0.929024669336657,3,0.0
8,1000,100,10,0.8,block,clustered,1.0,CG,0.00030052289366722107,8,1.990223699856576,0.9492182593874672,4,0.0
8,1000,100,10,0.8,block,clustered,1.0,CG,0.0002924320288002491,8,2.128395974964039,0.9382009830485624,5,0.0
8,1000,100,10,0.8,block,clustered,1.0,CG,0.0003150124102830887,9,2.086599531123844,0.9564236652702746,6,0.0
8,1000,100,10,0.8,block,clustered,1.0,CG,0.000314151868224144,9,2.099338668775482,0.9490954163166325,7,0.0
8,1000,100,10,0.8,block,clustered,1.0,CG,0.0002908920869231224,8,2.3267648081963226,0.9350939220656244,8,0.0
8,1000,100,10,0.8,block,clustered,1.0,CG,0.00029093166813254356,8,2.6468969265313196,0.9283724100480055,9,0.0
8,1000,100,10,0.8,block,clustered,1.0,CG,0.0003154720179736614,9,2.3159787006172317,0.9354620621181493,10,0.0
8,1000,100,10,0.8,block,clustered,1.0,LSQR,0.001097777858376503,8,1.9295878504868071,0.9481896539616491,1,
8,1000,100,10,0.8,block,clustered,1.0,LSQR,0.0010469169355928898,8,2.1265352081661026,0.9439572960290573,2,
8,1000,100,10,0.8,block,clustered,1.0,LSQR,0.001055208034813404,8,2.460736050257732,0.929024669336657,3,
8,1000,100,10,0.8,block,clustered,1.0,LSQR,0.0010384880006313324,8,1.9902236998565759,0.9492182593874672,4,
8,1000,100,10,0.8,block,clustered,1.0,LSQR,0.0010521076619625092,8,2.128395974964039,0.9382009830485624,5,
8,1000,100,10,0.8,block,clustered,1.0,LSQR,0.0010467777028679848,8,2.0865995311238446,0.9564236653197448,6,
8,1000,100,10,0.8,block,clustered,1.0,LSQR,0.0010533579625189304,8,2.099338668775483,0.9490954163848804,7,
8,1000,100,10,0.8,block,clustered,1.0,LSQR,0.0010704179294407368,8,2.3267648081963226,0.9350939220656244,8,
8,1000,100,10,0.8,block,clustered,1.0,LSQR,0.0010454379953444004,8,2.6468969265313187,0.9283724100480055,9,
8,1000,100,10,0.8,block,clustered,1.0,LSQR,0.001039138063788414,8,2.315978700617233,0.9354620621987116,10,
8,1000,100,10,0.8,block,clustered,1.0,LSMR,0.0011116978712379932,8,1.9295878504868091,0.9481896539692604,1,
8,1000,100,10,0.8,block,clustered,1.0,LSMR,0.001102448906749487,8,2.126535208166105,0.9439572960413594,2,
8,1000,100,10,0.8,block,clustered,1.0,LSMR,0.0010986989364027977,8,2.460736050257734,0.9290246693465666,3,
8,1000,100,10,0.8,block,clustered,1.0,LSMR,0.0010951180011034012,8,1.9902236998565772,0.9492182593917545,4,
8,1000,100,10,0.8,block,clustered,1.0,LSMR,0.0011046580038964748,8,2.128395974964041,0.9382009830580516,5,
8,1000,100,10,0.8,block,clustered,1.0,LSMR,0.0011126575991511345,8,2.0865995311238468,0.9564236653289423,6,
8,1000,100,10,0.8,block,clustered,1.0,LSMR,0.001091598067432642,8,2.099338668775486,0.9490954163962427,7,
8,1000,100,10,0.8,block,clustered,1.0,LSMR,0.001097417902201414,8,2.326764808196325,0.9350939220776981,8,
8,1000,100,10,0.8,block,clustered,1.0,LSMR,0.0011018989607691765,8,2.6468969265313227,0.928372410062465,9,
8,1000,100,10,0.8,block,clustered,1.0,LSMR,0.0010876981541514397,8,2.315978700617236,0.935462062217165,10,
9,1000,100,100,0.8,random,linear,1.0,Direct,0.0023744781501591206,1,2.2950284082090375,0.9326178367635019,1,
9,1000,100,100,0.8,random,linear,1.0,Direct,0.002276257611811161,1,2.287607347426893,0.9408791063783309,2,
9,1000,100,100,0.8,random,linear,1.0,Direct,0.002287705894559622,1,2.467286006467689,0.9366832076713393,3,
9,1000,100,100,0.8,random,linear,1.0,Direct,0.0022737467661499977,1,2.296556410887669,0.9371793699199982,4,
9,1000,100,100,0.8,random,linear,1.0,Direct,0.002238726709038019,1,2.216351392396083,0.9398012319106304,5,
9,1000,100,100,0.8,random,linear,1.0,Direct,0.0022710771299898624,1,2.530775353407164,0.9386413226464871,6,
9,1000,100,100,0.8,random,linear,1.0,Direct,0.0022602970711886883,1,2.4172477516880253,0.9387779646907107,7,
9,1000,100,100,0.8,random,linear,1.0,Direct,0.002310688141733408,1,2.353708059261036,0.9413800795851267,8,
9,1000,100,100,0.8,random,linear,1.0,Direct,0.0022580772638320923,1,2.6343236550828064,0.9367437233474843,9,
9,1000,100,100,0.8,random,linear,1.0,Direct,0.0022835168056190014,1,2.256332983090389,0.9449618683536893,10,
9,1000,100,100,0.8,random,linear,1.0,CG,0.00026733195409178734,5,2.295028408209037,0.9326178367667441,1,0.0
9,1000,100,100,0.8,random,linear,1.0,CG,0.0002504219301044941,5,2.2876073474268934,0.9408791063805155,2,0.0
9,1000,100,100,0.8,random,linear,1.0,CG,0.0002508130855858326,5,2.4672860064676896,0.9366832076771179,3,0.0
9,1000,100,100,0.8,random,linear,1.0,CG,0.00025916239246726036,6,2.296556410887669,0.9371793699199146,4,0.0
9,1000,100,100,0.8,random,linear,1.0,CG,0.00024531222879886627,5,2.2163513923960836,0.9398012319146998,5,0.0
9,1000,100,100,0.8,random,linear,1.0,CG,0.00023925071582198143,5,2.530775353407164,0.9386413226485434,6,0.0
9,1000,100,100,0.8,random,linear,1.0,CG,0.00023638177663087845,5,2.417247751688026,0.9387779646938664,7,0.0
9,1000,100,100,0.8,random,linear,1.0,CG,0.0002592122182250023,6,2.353708059261036,0.9413800795851718,8,0.0
9,1000,100,100,0.8,random,linear,1.0,CG,0.00023863185197114944,5,2.6343236550828064,0.9367437233511656,9,0.0
9,1000,100,100,0.8,random,linear,1.0,CG,0.00024410197511315346,5,2.256332983090389,0.9449618683574867,10,0.0
9,1000,100,100,0.8,random,linear,1.0,LSQR,0.0007394147105515003,5,2.295028408209037,0.9326178367667439,1,
9,1000,100,100,0.8,random,linear,1.0,LSQR,0.0007121157832443714,5,2.2876073474268934,0.9408791063805155,2,
9,1000,100,100,0.8,random,linear,1.0,LSQR,0.0007084356620907784,5,2.4672860064676896,0.9366832076771179,3,
9,1000,100,100,0.8,random,linear,1.0,LSQR,0.0007301359437406063,5,2.296556410887669,0.9371793699236112,4,
9,1000,100,100,0.8,random,linear,1.0,LSQR,0.0007025650702416897,5,2.2163513923960836,0.9398012319146997,5,
9,1000,100,100,0.8,random,linear,1.0,LSQR,0.000734386034309864,5,2.530775353407164,0.9386413226485434,6,
9,1000,100,100,0.8,random,linear,1.0,LSQR,0.0007002153433859348,5,2.4172477516880257,0.9387779646938664,7,
9,1000,100,100,0.8,random,linear,1.0,LSQR,0.0007195258513092995,5,2.353708059261036,0.9413800795931235,8,
9,1000,100,100,0.8,random,linear,1.0,LSQR,0.0007070549763739109,5,2.6343236550828064,0.9367437233511656,9,
9,1000,100,100,0.8,random,linear,1.0,LSQR,0.0007228259928524494,5,2.256332983090389,0.9449618683574867,10,
9,1000,100,100,0.8,random,linear,1.0,LSMR,0.0007785060442984104,5,2.2950284082090375,0.9326178367670555,1,
9,1000,100,100,0.8,random,linear,1.0,LSMR,0.0007482958026230335,5,2.2876073474268934,0.9408791063808104,2,
9,1000,100,100,0.8,random,linear,1.0,LSMR,0.0007380652241408825,5,2.46728600646769,0.936683207677403,3,
9,1000,100,100,0.8,random,linear,1.0,LSMR,0.000762465875595808,5,2.2965564108876695,0.9371793699240457,4,
9,1000,100,100,0.8,random,linear,1.0,LSMR,0.0007459758780896664,5,2.216351392396083,0.9398012319151028,5,
9,1000,100,100,0.8,random,linear,1.0,LSMR,0.0007673860527575016,5,2.530775353407164,0.9386413226487204,6,
9,1000,100,100,0.8,random,linear,1.0,LSMR,0.0007565459236502647,5,2.417247751688026,0.9387779646942451,7,
9,1000,100,100,0.8,random,linear,1.0,LSMR,0.0007640360854566097,5,2.3537080592610367,0.9413800795935051,8,
9,1000,100,100,0.8,random,linear,1.0,LSMR,0.000770926009863615,5,2.6343236550828064,0.9367437233513691,9,
9,1000,100,100,0.8,random,linear,1.0,LSMR,0.0007691462524235249,5,2.2563329830903895,0.9449618683578646,10,
10,1000,100,100,0.8,random,exponential,1.0,Direct,0.0023914878256618977,1,1.452434477921769,0.9749710990865441,1,
10,1000,100,100,0.8,random,exponential,1.0,Direct,0.0022898679599165916,1,1.4608149248087632,0.9775153793582775,2,
10,1000,100,100,0.8,random,exponential,1.0,Direct,0.002312467899173498,1,1.4701467920377012,0.9791291429284311,3,
10,1000,100,100,0.8,random,exponential,1.0,Direct,0.002289318013936281,1,1.3755879625999892,0.9791135793784479,4,
10,1000,100,100,0.8,random,exponential,1.0,Direct,0.002260196954011917,1,1.3520204494903434,0.979378906395892,5,
10,1000,100,100,0.8,random,exponential,1.0,Direct,0.0023069470189511776,1,1.504616265693425,0.9797091583186139,6,
10,1000,100,100,0.8,random,exponential,1.0,Direct,0.0022668279707431793,1,1.4899056968277258,0.9785181902917032,7,
10,1000,100,100,0.8,random,exponential,1.0,Direct,0.002326077315956354,1,1.3769230604089369,0.9814009629487963,8,
10,1000,100,100,0.8,random,exponential,1.0,Direct,0.0022780168801546097,1,1.6478995841353252,0.9767990697408887,9,
10,1000,100,100,0.8,random,exponential,1.0,Direct,0.002289176918566227,1,1.3713192810683323,0.9809769205391288,10,
10,1000,100,100,0.8,random,exponential,1.0,CG,0.0002807718701660633,5,1.4524344779217693,0.9749710990872413,1,0.0
10,1000,100,100,0.8,random,exponential,1.0,CG,0.00026333238929510117,5,1.4608149248087632,0.9775153793585257,2,0.0
10,1000,100,100,0.8,random,exponential,1.0,CG,0.0002538817934691906,5,1.4701467920377012,0.9791291429288245,3,0.0
10,1000,100,100,0.8,random,exponential,1.0,CG,0.0002505420707166195,5,1.3755879625999892,0.9791135793793004,4,0.0
10,1000,100,100,0.8,random,exponential,1.0,CG,0.00025339191779494286,5,1.3520204494903436,0.9793789063972138,5,0.0
10,1000,100,100,0.8,random,exponential,1.0,CG,0.00025744223967194557,5,1.504616265693425,0.9797091583190732,6,0.0
10,1000,100,100,0.8,random,exponential,1.0,CG,0.0002659517340362072,5,1.4899056968277258,0.9785181902920081,7,0.0
10,1000,100,100,0.8,random,exponential,1.0,CG,0.0002605011686682701,5,1.3769230604089369,0.9814009629491618,8,0.0
10,1000,100,100,0.8,random,exponential,1.0,CG,0.00026180222630500793,5,1.6478995841353252,0.9767990697412936,9,0.0
10,1000,100,100,0.8,random,exponential,1.0,CG,0.0002568615600466728,5,1.3713192810683323,0.9809769205393755,10,0.0
10,1000,100,100,0.8,random,exponential,1.0,LSQR,0.0006618653424084187,4,1.4524344779217702,0.9749710991912197,1,
10,1000,100,100,0.8,random,exponential,1.0,LSQR,0.0006275149062275887,4,1.4608149248087634,0.9775153794192476,2,
10,1000,100,100,0.8,random,exponential,1.0,LSQR,0.00062985485419631,4,1.4701467920377014,0.9791291429936287,3,
10,1000,100,100,0.8,random,exponential,1.0,LSQR,0.000632135197520256,4,1.3755879625999894,0.9791135794553933,4,
10,1000,100,100,0.8,random,exponential,1.0,LSQR,0.0006338437087833881,4,1.352020449490344,0.9793789065175655,5,
10,1000,100,100,0.8,random,exponential,1.0,LSQR,0.0006302450783550739,4,1.504616265693425,0.9797091583697639,6,
10,1000,100,100,0.8,random,exponential,1.0,LSQR,0.0006255940534174442,4,1.489905696827726,0.9785181903438959,7,
10,1000,100,100,0.8,random,exponential,1.0,LSQR,0.000629195012152195,4,1.3769230604089373,0.9814009629970161,8,
10,1000,100,100,0.8,random,exponential,1.0,LSQR,0.000641185324639082,4,1.647899584135326,0.9767990698023762,9,
10,1000,100,100,0.8,random,exponential,1.0,LSQR,0.0006498652510344982,4,1.3713192810683326,0.9809769205779746,10,
10,1000,100,100,0.8,random,exponential,1.0,LSMR,0.0007672859355807304,5,1.4524344779217693,0.9749710990872658,1,
10,1000,100,100,0.8,random,exponential,1.0,LSMR,0.0007451851852238178,5,1.460814924808763,0.9775153793585389,2,
10,1000,100,100,0.8,random,exponential,1.0,LSMR,0.0007489155977964401,5,1.4701467920377012,0.9791291429288353,3,
10,1000,100,100,0.8,random,exponential,1.0,LSMR,0.0007445360533893108,5,1.3755879625999892,0.979113579379329,4,
10,1000,100,100,0.8,random,exponential,1.0,LSMR,0.0007368358783423901,5,1.3520204494903432,0.9793789063972413,5,
10,1000,100,100,0.8,random,exponential,1.0,LSMR,0.0007792459800839424,5,1.504616265693425,0.9797091583190862,6,
10,1000,100,100,0.8,random,exponential,1.0,LSMR,0.00076719606295228,5,1.4899056968277256,0.9785181902920222,7,
10,1000,100,100,0.8,random,exponential,1.0,LSMR,0.000764705240726471,5,1.3769230604089366,0.981400962949174,8,
10,1000,100,100,0.8,random,exponential,1.0,LSMR,0.0007680151611566544,5,1.6478995841353252,0.9767990697413106,9,
10,1000,100,100,0.8,random,exponential,1.0,LSMR,0.0007494860328733921,5,1.3713192810683323,0.9809769205393841,10,
11,1000,100,100,0.8,random,polynomial,1.0,Direct,0.002393217757344246,1,1.8750550411517444,0.9565981023715354,1,
11,1000,100,100,0.8,random,polynomial,1.0,Direct,0.002297786995768547,1,1.8695622312744684,0.9618099803476876,2,
11,1000,100,100,0.8,random,polynomial,1.0,Direct,0.0023112082853913307,1,1.9573978656303828,0.9615912190830659,3,
11,1000,100,100,0.8,random,polynomial,1.0,Direct,0.0023041870445013046,1,1.8274908058919421,0.961635625052835,4,
11,1000,100,100,0.8,random,polynomial,1.0,Direct,0.002253307029604912,1,1.789531209981597,0.9621871931974421,5,
11,1000,100,100,0.8,random,polynomial,1.0,Direct,0.0022885268554091454,1,2.0112984764359085,0.9624886755977481,6,
11,1000,100,100,0.8,random,polynomial,1.0,Direct,0.002279047854244709,1,1.9422667751681626,0.9619556937578805,7,
11,1000,100,100,0.8,random,polynomial,1.0,Direct,0.0023354971781373024,1,1.837520998903764,0.9655256264310847,8,
11,1000,100,100,0.8,random,polynomial,1.0,Direct,0.0022876770235598087,1,2.147372409905066,0.9592468757329946,9,
11,1000,100,100,0.8,random,polynomial,1.0,Direct,0.002284166868776083,1,1.7989087067487306,0.9661464165916803,10,
11,1000,100,100,0.8,random,polynomial,1.0,CG,0.0002870219759643078,5,1.8750550411517444,0.9565981023727962,1,0.0
11,1000,100,100,0.8,random,polynomial,1.0,CG,0.0002750419080257416,5,1.8695622312744684,0.9618099803481123,2,0.0
11,1000,100,100,0.8,random,polynomial,1.0,CG,0.00025404198095202446,5,1.9573978656303825,0.9615912190847379,3,0.0
11,1000,100,100,0.8,random,polynomial,1.0,CG,0.0002538822591304779,5,1.8274908058919421,0.9616356250545373,4,0.0
11,1000,100,100,0.8,random,polynomial,1.0,CG,0.0002594823017716408,5,1.7895312099815972,0.9621871931994803,5,0.0
11,1000,100,100,0.8,random,polynomial,1.0,CG,0.0002530822530388832,5,2.0112984764359085,0.9624886755983763,6,0.0
11,1000,100,100,0.8,random,polynomial,1.0,CG,0.0002543618902564049,5,1.9422667751681626,0.9619556937594201,7,0.0
11,1000,100,100,0.8,random,polynomial,1.0,CG,0.00025141192600131035,5,1.8375209989037642,0.9655256264325965,8,0.0
11,1000,100,100,0.8,random,polynomial,1.0,CG,0.0002511311322450638,5,2.147372409905066,0.9592468757336597,9,0.0
11,1000,100,100,0.8,random,polynomial,1.0,CG,0.0002522021532058716,5,1.7989087067487306,0.9661464165923731,10,0.0
11,1000,100,100,0.8,random,polynomial,1.0,LSQR,0.0007593557238578796,5,1.8750550411517444,0.9565981023727962,1,
11,1000,100,100,0.8,random,polynomial,1.0,LSQR,0.0007230062037706375,5,1.8695622312744684,0.9618099803481123,2,
11,1000,100,100,0.8,random,polynomial,1.0,LSQR,0.0007359962910413742,5,1.9573978656303825,0.9615912190847379,3,
11,1000,100,100,0.8,random,polynomial,1.0,LSQR,0.0007266146130859852,5,1.8274908058919421,0.9616356250545373,4,
11,1000,100,100,0.8,random,polynomial,1.0,LSQR,0.0007274658419191837,5,1.7895312099815972,0.9621871931994803,5,
11,1000,100,100,0.8,random,polynomial,1.0,LSQR,0.0007295859977602959,5,2.0112984764359085,0.9624886755983763,6,
11,1000,100,100,0.8,random,polynomial,1.0,LSQR,0.0007194750942289829,5,1.9422667751681626,0.9619556937594201,7,
11,1000,100,100,0.8,random,polynomial,1.0,LSQR,0.0007353648543357849,5,1.837520998903764,0.9655256264325965,8,
11,1000,100,100,0.8,random,polynomial,1.0,LSQR,0.000737254973500967,5,2.147372409905066,0.9592468757336597,9,
11,1000,100,100,0.8,random,polynomial,1.0,LSQR,0.0007320959120988846,5,1.7989087067487306,0.9661464165923731,10,
11,1000,100,100,0.8,random,polynomial,1.0,LSMR,0.0007774960249662399,5,1.8750550411517442,0.9565981023728597,1,
11,1000,100,100,0.8,random,polynomial,1.0,LSMR,0.0007454156875610352,5,1.8695622312744684,0.9618099803481641,2,
11,1000,100,100,0.8,random,polynomial,1.0,LSMR,0.0007448862306773663,5,1.9573978656303823,0.961591219084807,3,
11,1000,100,100,0.8,random,polynomial,1.0,LSMR,0.0007519149221479893,5,1.8274908058919423,0.9616356250546105,4,
11,1000,100,100,0.8,random,polynomial,1.0,LSMR,0.0007332651875913143,5,1.7895312099815972,0.9621871931995682,5,
11,1000,100,100,0.8,random,polynomial,1.0,LSMR,0.0007737861014902592,5,2.0112984764359085,0.9624886755984245,6,
11,1000,100,100,0.8,random,polynomial,1.0,LSMR,0.000764915719628334,5,1.9422667751681628,0.9619556937594755,7,
11,1000,100,100,0.8,random,polynomial,1.0,LSMR,0.0007716850377619267,5,1.837520998903764,0.965525626432658,8,
11,1000,100,100,0.8,random,polynomial,1.0,LSMR,0.0007643257267773151,5,2.147372409905066,0.9592468757337028,9,
11,1000,100,100,0.8,random,polynomial,1.0,LSMR,0.0007474059239029884,5,1.7989087067487304,0.9661464165924326,10,
12,1000,100,100,0.8,random,clustered,1.0,Direct,0.002386318054050207,1,2.311230486840374,0.9313229150560842,1,
12,1000,100,100,0.8,random,clustered,1.0,Direct,0.0023202383890748024,1,2.28764280406473,0.9408814149348542,2,
12,1000,100,100,0.8,random,clustered,1.0,Direct,0.0023183580487966537,1,2.3997937406623273,0.9402786614941051,3,
12,1000,100,100,0.8,random,clustered,1.0,Direct,0.0022975471802055836,1,2.2300078442052436,0.94095500267271,4,
12,1000,100,100,0.8,random,clustered,1.0,Direct,0.0022585969418287277,1,2.2593546885762184,0.9369477831684299,5,
12,1000,100,100,0.8,random,clustered,1.0,Direct,0.002306077629327774,1,2.5136441189317553,0.9394283469308267,6,
12,1000,100,100,0.8,random,clustered,1.0,Direct,0.002303177025169134,1,2.4098479347298674,0.9393090068511242,7,
12,1000,100,100,0.8,random,clustered,1.0,Direct,0.00231934804469347,1,2.287159963424101,0.9445841130622715,8,
12,1000,100,100,0.8,random,clustered,1.0,Direct,0.0022841980680823326,1,2.7231454842405682,0.9317676512169047,9,
12,1000,100,100,0.8,random,clustered,1.0,Direct,0.002274686936289072,1,2.266123818496052,0.944438235452807,10,
12,1000,100,100,0.8,random,clustered,1.0,CG,0.00028925202786922455,6,2.3112304868403744,0.9313229150560937,1,0.0
12,1000,100,100,0.8,random,clustered,1.0,CG,0.0002770218998193741,6,2.28764280406473,0.9408814149349354,2,0.0
12,1000,100,100,0.8,random,clustered,1.0,CG,0.00026590190827846527,6,2.399793740662327,0.9402786614941542,3,0.0
12,1000,100,100,0.8,random,clustered,1.0,CG,0.00027141207829117775,6,2.2300078442052436,0.9409550026730318,4,0.0
12,1000,100,100,0.8,random,clustered,1.0,CG,0.0002644420601427555,6,2.2593546885762184,0.936947783168539,5,0.0
12,1000,100,100,0.8,random,clustered,1.0,CG,0.00026250164955854416,6,2.5136441189317553,0.9394283469308199,6,0.0
12,1000,100,100,0.8,random,clustered,1.0,CG,0.0002642418257892132,6,2.4098479347298674,0.9393090068513651,7,0.0
12,1000,100,100,0.8,random,clustered,1.0,CG,0.0002655419521033764,6,2.2871599634241013,0.9445841130625318,8,0.0
12,1000,100,100,0.8,random,clustered,1.0,CG,0.00027549173682928085,6,2.7231454842405682,0.9317676512170404,9,0.0
12,1000,100,100,0.8,random,clustered,1.0,CG,0.0003031119704246521,6,2.2661238184960517,0.9444382354526765,10,0.0
12,1000,100,100,0.8,random,clustered,1.0,LSQR,0.0007540863007307053,5,2.3112304868403744,0.9313229150691684,1,
12,1000,100,100,0.8,random,clustered,1.0,LSQR,0.0007081152871251106,5,2.28764280406473,0.940881414943266,2,
12,1000,100,100,0.8,random,clustered,1.0,LSQR,0.0007250057533383369,5,2.399793740662327,0.940278661509654,3,
12,1000,100,100,0.8,random,clustered,1.0,LSQR,0.0007319645956158638,5,2.230007844205244,0.9409550026879046,4,
12,1000,100,100,0.8,random,clustered,1.0,LSQR,0.0007260050624608994,5,2.2593546885762192,0.9369477831912666,5,
12,1000,100,100,0.8,random,clustered,1.0,LSQR,0.000730504747480154,5,2.5136441189317553,0.9394283469352976,6,
12,1000,100,100,0.8,random,clustered,1.0,LSQR,0.000709995161741972,5,2.409847934729868,0.9393090068729166,7,
12,1000,100,100,0.8,random,clustered,1.0,LSQR,0.0007271049544215202,5,2.2871599634241018,0.9445841130834892,8,
12,1000,100,100,0.8,random,clustered,1.0,LSQR,0.0007200147956609726,5,2.7231454842405687,0.9317676512304338,9,
12,1000,100,100,0.8,random,clustered,1.0,LSQR,0.0007185749709606171,5,2.266123818496052,0.9444382354624945,10,
12,1000,100,100,0.8,random,clustered,1.0,LSMR,0.0007830159738659859,5,2.3112304868403752,0.9313229150704716,1,
12,1000,100,100,0.8,random,clustered,1.0,LSMR,0.0007403860799968243,5,2.2876428040647303,0.9408814149440857,2,
12,1000,100,100,0.8,random,clustered,1.0,LSMR,0.000742785632610321,5,2.399793740662328,0.9402786615109295,3,
12,1000,100,100,0.8,random,clustered,1.0,LSMR,0.0007456159219145775,5,2.230007844205245,0.9409550026892919,4,
12,1000,100,100,0.8,random,clustered,1.0,LSMR,0.0007442058995366096,5,2.2593546885762206,0.9369477831933004,5,
12,1000,100,100,0.8,random,clustered,1.0,LSMR,0.0007707052864134312,5,2.5136441189317558,0.9394283469356199,6,
12,1000,100,100,0.8,random,clustered,1.0,LSMR,0.000754266045987606,5,2.4098479347298682,0.9393090068742604,7,
12,1000,100,100,0.8,random,clustered,1.0,LSMR,0.0007750373333692551,5,2.2871599634241027,0.9445841130850573,8,
12,1000,100,100,0.8,random,clustered,1.0,LSMR,0.0007685059681534767,5,2.7231454842405696,0.9317676512313159,9,
12,1000,100,100,0.8,random,clustered,1.0,LSMR,0.0007586651481688023,5,2.2661238184960535,0.9444382354638033,10,
13,1000,100,100,0.8,block,linear,1.0,Direct,0.0036459467373788357,1,1.9166599326589142,0.9508570538801863,1,
13,1000,100,100,0.8,block,linear,1.0,Direct,0.0035342471674084663,1,2.145959931286849,0.9444853351129182,2,
13,1000,100,100,0.8,block,linear,1.0,Direct,0.003583647310733795,1,2.538544686743201,0.9271572706817788,3,
13,1000,100,100,0.8,block,linear,1.0,Direct,0.003552456386387348,1,2.090494014561897,0.9450020363464343,4,
13,1000,100,100,0.8,block,linear,1.0,Direct,0.0035330671817064285,1,2.188404182082113,0.9369799304875579,5,
13,1000,100,100,0.8,block,linear,1.0,Direct,0.003538456279784441,1,2.3008167336325513,0.9476861199260344,6,
13,1000,100,100,0.8,block,linear,1.0,Direct,0.003487727139145136,1,2.165097844206898,0.9470841936130376,7,
13,1000,100,100,0.8,block,linear,1.0,Direct,0.0035137259401381016,1,2.308331418404958,0.9385850490231639,8,
13,1000,100,100,0.8,block,linear,1.0,Direct,0.0034885359928011894,1,2.62861337272556,0.9319330171487585,9,
13,1000,100,100,0.8,block,linear,1.0,Direct,0.0035164370201528072,1,2.377652428861577,0.9349296568576139,10,
13,1000,100,100,0.8,block,linear,1.0,CG,0.0003120722249150276,8,1.916659932658914,0.9508570538814606,1,0.0
13,1000,100,100,0.8,block,linear,1.0,CG,0.00029754219576716423,8,2.145959931286849,0.9444853351183905,2,0.0
13,1000,100,100,0.8,block,linear,1.0,CG,0.0002937619574368,8,2.538544686743201,0.9271572706870141,3,0.0
13,1000,100,100,0.8,block,linear,1.0,CG,0.00029002176597714424,8,2.090494014561897,0.9450020363507816,4,0.0
13,1000,100,100,0.8,block,linear,1.0,CG,0.0002991817891597748,8,2.188404182082113,0.9369799304904234,5,0.0
13,1000,100,100,0.8,block,linear,1.0,CG,0.00030241161584854126,8,2.300816733632552,0.9476861199283367,6,0.0
13,1000,100,100,0.8,block,linear,1.0,CG,0.0003020423464477062,8,2.165097844206898,0.9470841936170935,7,0.0
13,1000,100,100,0.8,block,linear,1.0,CG,0.00030863191932439804,8,2.308331418404958,0.9385850490255256,8,0.0
13,1000,100,100,0.8,block,linear,1.0,CG,0.00029686279594898224,8,2.6286133727255594,0.9319330171529794,9,0.0
13,1000,100,100,0.8,block,linear,1.0,CG,0.000311932060867548,8,2.377652428861577,0.9349296568610262,10,0.0
13,1000,100,100,0.8,block,linear,1.0,LSQR,0.001015267800539732,7,1.9166599326589149,0.9508570539138754,1,
13,1000,100,100,0.8,block,linear,1.0,LSQR,0.0009982483461499214,7,2.145959931286851,0.9444853352397727,2,
13,1000,100,100,0.8,block,linear,1.0,LSQR,0.0009464267641305923,7,2.538544686743204,0.9271572707507911,3,
13,1000,100,100,0.8,block,linear,1.0,LSQR,0.0009748679585754871,7,2.0904940145618998,0.9450020364027213,4,
13,1000,100,100,0.8,block,linear,1.0,LSQR,0.0009644371457397938,7,2.1884041820821145,0.9369799305361732,5,
13,1000,100,100,0.8,block,linear,1.0,LSQR,0.0009672283194959164,7,2.300816733632554,0.9476861199909221,6,
13,1000,100,100,0.8,block,linear,1.0,LSQR,0.0009384071454405785,7,2.165097844206901,0.9470841937067267,7,
13,1000,100,100,0.8,block,linear,1.0,LSQR,0.0009487071074545383,7,2.3083314184049604,0.9385850490718111,8,
13,1000,100,100,0.8,block,linear,1.0,LSQR,0.0009661167860031128,7,2.628613372725562,0.9319330172228864,9,
13,1000,100,100,0.8,block,linear,1.0,LSQR,0.0009473180398344994,7,2.3776524288615777,0.9349296569091763,10,
13,1000,100,100,0.8,block,linear,1.0,LSMR,0.0010062982328236103,7,1.9166599326589173,0.9508570539171762,1,
13,1000,100,100,0.8,block,linear,1.0,LSMR,0.00099856685847044,7,2.1459599312868596,0.944485335254866,2,
13,1000,100,100,0.8,block,linear,1.0,LSMR,0.0009863469749689102,7,2.5385446867432138,0.9271572707597688,3,
13,1000,100,100,0.8,block,linear,1.0,LSMR,0.0009779869578778744,7,2.0904940145619073,0.94500203640885,4,
13,1000,100,100,0.8,block,linear,1.0,LSMR,0.0009704879485070705,7,2.1884041820821185,0.9369799305435732,5,
13,1000,100,100,0.8,block,linear,1.0,LSMR,0.000978406984359026,7,2.3008167336325616,0.9476861199993589,6,
13,1000,100,100,0.8,block,linear,1.0,LSMR,0.001094199251383543,8,2.1650978442068984,0.9470841936177012,7,
13,1000,100,100,0.8,block,linear,1.0,LSMR,0.0009802081622183323,7,2.3083314184049684,0.938585049079518,8,
13,1000,100,100,0.8,block,linear,1.0,LSMR,0.000982976984232664,7,2.6286133727255674,0.9319330172306568,9,
13,1000,100,100,0.8,block,linear,1.0,LSMR,0.0009770067408680916,7,2.377652428861582,0.934929656915048,10,
14,1000,100,100,0.8,block,exponential,1.0,Direct,0.003601337317377329,1,1.1298855434267037,0.9844415137340596,1,
14,1000,100,100,0.8,block,exponential,1.0,Direct,0.0035393466241657734,1,1.4045894261751752,0.9779748011280426,2,
14,1000,100,100,0.8,block,exponential,1.0,Direct,0.00357147678732872,1,1.445578908700513,0.9784015766485656,3,
14,1000,100,100,0.8,block,exponential,1.0,Direct,0.003545846790075302,1,1.3828764804676357,0.9775110179828624,4,
14,1000,100,100,0.8,block,exponential,1.0,Direct,0.0035223071463406086,1,1.2653341941015828,0.9814540076643213,5,
14,1000,100,100,0.8,block,exponential,1.0,Direct,0.00353887677192688,1,1.3610705026668828,0.9828078619228037,6,
14,1000,100,100,0.8,block,exponential,1.0,Direct,0.003509875852614641,1,1.4566825032476622,0.9779397349577552,7,
14,1000,100,100,0.8,block,exponential,1.0,Direct,0.003533886279910803,1,1.5050319155424476,0.9757743911815846,8,
14,1000,100,100,0.8,block,exponential,1.0,Direct,0.0035056057386100292,1,1.6926828396375826,0.9740641414571669,9,
14,1000,100,100,0.8,block,exponential,1.0,Direct,0.003532855771481991,1,1.2719797750196182,0.9834768348337484,10,
14,1000,100,100,0.8,block,exponential,1.0,CG,0.0003108619712293148,7,1.1298855434267034,0.9844415137449105,1,0.0
14,1000,100,100,0.8,block,exponential,1.0,CG,0.0002872031182050705,7,1.4045894261751752,0.9779748011517124,2,0.0
14,1000,100,100,0.8,block,exponential,1.0,CG,0.0002823830582201481,7,1.445578908700513,0.9784015766854446,3,0.0
14,1000,100,100,0.8,block,exponential,1.0,CG,0.0002843323163688183,7,1.382876480467636,0.9775110180264815,4,0.0
14,1000,100,100,0.8,block,exponential,1.0,CG,0.00027449289336800575,7,1.2653341941015828,0.9814540076810466,5,0.0
14,1000,100,100,0.8,block,exponential,1.0,CG,0.00028665270656347275,7,1.3610705026668828,0.982807861942831,6,0.0
14,1000,100,100,0.8,block,exponential,1.0,CG,0.00027810223400592804,7,1.4566825032476625,0.9779397349744288,7,0.0
14,1000,100,100,0.8,block,exponential,1.0,CG,0.000282112043350935,7,1.5050319155424476,0.9757743912148109,8,0.0
14,1000,100,100,0.8,block,exponential,1.0,CG,0.00029579270631074905,7,1.6926828396375826,0.97406414146671,9,0.0
14,1000,100,100,0.8,block,exponential,1.0,CG,0.00028231181204319,7,1.2719797750196182,0.9834768348498664,10,0.0
14,1000,100,100,0.8,block,exponential,1.0,LSQR,0.0008901571854948997,6,1.1298855434267057,0.9844415139724024,1,
14,1000,100,100,0.8,block,exponential,1.0,LSQR,0.0008761161006987095,6,1.4045894261751797,0.9779748015973514,2,
14,1000,100,100,0.8,block,exponential,1.0,LSQR,0.0009685670956969261,7,1.445578908700513,0.9784015766854445,3,
14,1000,100,100,0.8,block,exponential,1.0,LSQR,0.0009851879440248013,7,1.3828764804676357,0.9775110180264815,4,
14,1000,100,100,0.8,block,exponential,1.0,LSQR,0.0008600973524153233,6,1.2653341941015854,0.9814540080135612,5,
14,1000,100,100,0.8,block,exponential,1.0,LSQR,0.0008536661043763161,6,1.3610705026668855,0.9828078623047493,6,
14,1000,100,100,0.8,block,exponential,1.0,LSQR,0.0008618161082267761,6,1.4566825032476645,0.9779397352173508,7,
14,1000,100,100,0.8,block,exponential,1.0,LSQR,0.0008693458512425423,6,1.5050319155424545,0.9757743917290886,8,
14,1000,100,100,0.8,block,exponential,1.0,LSQR,0.0008795061148703098,6,1.6926828396375846,0.9740641416580441,9,
14,1000,100,100,0.8,block,exponential,1.0,LSQR,0.0008668061345815659,6,1.271979775019621,0.9834768352852356,10,
14,1000,100,100,0.8,block,exponential,1.0,LSMR,0.0010027969256043434,7,1.1298855434267037,0.9844415137456021,1,
14,1000,100,100,0.8,block,exponential,1.0,LSMR,0.0009983680211007595,7,1.4045894261751755,0.9779748011532277,2,
14,1000,100,100,0.8,block,exponential,1.0,LSMR,0.0009885570034384727,7,1.4455789087005133,0.9784015766870418,3,
14,1000,100,100,0.8,block,exponential,1.0,LSMR,0.0009945081546902657,7,1.3828764804676361,0.9775110180297536,4,
14,1000,100,100,0.8,block,exponential,1.0,LSMR,0.0010001077316701412,7,1.2653341941015828,0.9814540076816188,5,
14,1000,100,100,0.8,block,exponential,1.0,LSMR,0.0010024681687355042,7,1.361070502666883,0.9828078619439429,6,
14,1000,100,100,0.8,block,exponential,1.0,LSMR,0.0009721172973513603,7,1.4566825032476622,0.977939734975513,7,
14,1000,100,100,0.8,block,exponential,1.0,LSMR,0.0009778370149433613,7,1.505031915542448,0.9757743912166751,8,
14,1000,100,100,0.8,block,exponential,1.0,LSMR,0.0009739566594362259,7,1.6926828396375826,0.9740641414671306,9,
14,1000,100,100,0.8,block,exponential,1.0,LSMR,0.0009785867296159267,7,1.2719797750196182,0.983476834850777,10,
15,1000,100,100,0.8,block,polynomial,1.0,Direct,0.0036307773552834988,1,1.5411013057254173,0.9696154309199784,1,
15,1000,100,100,0.8,block,polynomial,1.0,Direct,0.0035492070019245148,1,1.7857858638140727,0.9629815845737382,2,
15,1000,100,100,0.8,block,polynomial,1.0,Direct,0.003578947391360998,1,1.9725462466999333,0.9579613500222075,3,
15,1000,100,100,0.8,block,polynomial,1.0,Direct,0.0035565271973609924,1,1.7306502018362504,0.9635040113920701,4,
15,1000,100,100,0.8,block,polynomial,1.0,Direct,0.00353436591103673,1,1.7415094480137139,0.9623049771609458,5,
15,1000,100,100,0.8,block,polynomial,1.0,Direct,0.003543146885931492,1,1.7815899357056917,0.9696203619646089,6,
15,1000,100,100,0.8,block,polynomial,1.0,Direct,0.0035153869539499283,1,1.8057941666808874,0.9644849461545995,7,
15,1000,100,100,0.8,block,polynomial,1.0,Direct,0.0035233558155596256,1,1.907134566561177,0.9595315576749769,8,
15,1000,100,100,0.8,block,polynomial,1.0,Direct,0.003500145860016346,1,2.181988828594114,0.9549942482390976,9,
15,1000,100,100,0.8,block,polynomial,1.0,Direct,0.0035155857913196087,1,1.8284557250817848,0.9635742393015025,10,
15,1000,100,100,0.8,block,polynomial,1.0,CG,0.0003026719205081463,7,1.5411013057254173,0.9696154309651001,1,0.0
15,1000,100,100,0.8,block,polynomial,1.0,CG,0.00030579278245568275,8,1.7857858638140727,0.9629815845806428,2,0.0
15,1000,100,100,0.8,block,polynomial,1.0,CG,0.00030029332265257835,8,1.972546246699933,0.9579613500298568,3,0.0
15,1000,100,100,0.8,block,polynomial,1.0,CG,0.00029452331364154816,8,1.7306502018362504,0.9635040113945905,4,0.0
15,1000,100,100,0.8,block,polynomial,1.0,CG,0.00029445206746459007,7,1.741509448013714,0.9623049772229528,5,0.0
15,1000,100,100,0.8,block,polynomial,1.0,CG,0.0003000916913151741,8,1.7815899357056915,0.9696203619665484,6,0.0
15,1000,100,100,0.8,block,polynomial,1.0,CG,0.0002911021001636982,7,1.8057941666808874,0.9644849462201214,7,0.0
15,1000,100,100,0.8,block,polynomial,1.0,CG,0.0002880818210542202,7,1.9071345665611772,0.959531557755453,8,0.0
15,1000,100,100,0.8,block,polynomial,1.0,CG,0.000276362057775259,7,2.181988828594114,0.9549942482931112,9,0.0
15,1000,100,100,0.8,block,polynomial,1.0,CG,0.00028106244280934334,7,1.8284557250817848,0.9635742393513299,10,0.0
15,1000,100,100,0.8,block,polynomial,1.0,LSQR,0.0009897570125758648,7,1.5411013057254175,0.9696154309651001,1,
15,1000,100,100,0.8,block,polynomial,1.0,LSQR,0.0009813569486141205,7,1.7857858638140736,0.9629815847023618,2,
15,1000,100,100,0.8,block,polynomial,1.0,LSQR,0.0009542270563542843,7,1.972546246699934,0.957961350125555,3,
15,1000,100,100,0.8,block,polynomial,1.0,LSQR,0.0009659570641815662,7,1.730650201836251,0.9635040114465515,4,
15,1000,100,100,0.8,block,polynomial,1.0,LSQR,0.0009569381363689899,7,1.7415094480137139,0.9623049772229528,5,
15,1000,100,100,0.8,block,polynomial,1.0,LSQR,0.0009677968919277191,7,1.781589935705692,0.969620362009978,6,
15,1000,100,100,0.8,block,polynomial,1.0,LSQR,0.0009465673938393593,7,1.8057941666808872,0.9644849462201214,7,
15,1000,100,100,0.8,block,polynomial,1.0,LSQR,0.0009475867263972759,7,1.9071345665611774,0.959531557755453,8,
15,1000,100,100,0.8,block,polynomial,1.0,LSQR,0.0009580967016518116,7,2.181988828594114,0.9549942482931112,9,
15,1000,100,100,0.8,block,polynomial,1.0,LSQR,0.0009427671320736408,7,1.828455725081785,0.9635742393513299,10,
15,1000,100,100,0.8,block,polynomial,1.0,LSMR,0.0010068779811263084,7,1.541101305725418,0.9696154309698878,1,
15,1000,100,100,0.8,block,polynomial,1.0,LSMR,0.0009889970533549786,7,1.7857858638140744,0.9629815847145696,2,
15,1000,100,100,0.8,block,polynomial,1.0,LSMR,0.0009839870035648346,7,1.9725462466999362,0.9579613501379873,3,
15,1000,100,100,0.8,block,polynomial,1.0,LSMR,0.0009753769263625145,7,1.7306502018362524,0.9635040114518697,4,
15,1000,100,100,0.8,block,polynomial,1.0,LSMR,0.0009696870110929012,7,1.7415094480137148,0.9623049772280058,5,
15,1000,100,100,0.8,block,polynomial,1.0,LSMR,0.0009771678596735,7,1.7815899357056928,0.9696203620145524,6,
15,1000,100,100,0.8,block,polynomial,1.0,LSMR,0.0009801979176700115,7,1.8057941666808883,0.9644849462249339,7,
15,1000,100,100,0.8,block,polynomial,1.0,LSMR,0.000995337963104248,7,1.9071345665611783,0.959531557763745,8,
15,1000,100,100,0.8,block,polynomial,1.0,LSMR,0.0009862575680017471,7,2.1819888285941142,0.9549942482977166,9,
15,1000,100,100,0.8,block,polynomial,1.0,LSMR,0.000990136992186308,7,1.8284557250817852,0.9635742393550845,10,
16,1000,100,100,0.8,block,clustered,1.0,Direct,0.0036350968293845654,1,1.8596924484464763,0.9518291812156114,1,
16,1000,100,100,0.8,block,clustered,1.0,Direct,0.003551976755261421,1,2.084916319603071,0.9461384768676464,2,
16,1000,100,100,0.8,block,clustered,1.0,Direct,0.0035972781479358673,1,2.3114059517485934,0.9374493981193743,3,
16,1000,100,100,0.8,block,clustered,1.0,Direct,0.003553757444024086,1,1.8974859832669817,0.9537485650455555,4,
16,1000,100,100,0.8,block,clustered,1.0,Direct,0.0035264859907329082,1,2.0520360262156245,0.9425096450580095,5,
16,1000,100,100,0.8,block,clustered,1.0,Direct,0.003525526262819767,1,1.9965504346856235,0.9600095931136077,6,
16,1000,100,100,0.8,block,clustered,1.0,Direct,0.0035080662928521633,1,2.0062817396112775,0.9534644895497469,7,
16,1000,100,100,0.8,block,clustered,1.0,Direct,0.0035204561427235603,1,2.23351884944547,0.9401889739130352,8,
16,1000,100,100,0.8,block,clustered,1.0,Direct,0.0034981155768036842,1,2.5803894716889264,0.9319117956674405,9,
16,1000,100,100,0.8,block,clustered,1.0,Direct,0.0035256068222224712,1,2.217559469889973,0.9407304782597834,10,
16,1000,100,100,0.8,block,clustered,1.0,CG,0.0003148620016872883,8,1.8596924484464767,0.9518291813217123,1,0.0
16,1000,100,100,0.8,block,clustered,1.0,CG,0.000292991753667593,8,2.084916319603071,0.9461384769820786,2,0.0
16,1000,100,100,0.8,block,clustered,1.0,CG,0.000292312353849411,8,2.311405951748594,0.9374493982417779,3,0.0
16,1000,100,100,0.8,block,clustered,1.0,CG,0.00028328271582722664,8,1.8974859832669821,0.9537485650998939,4,0.0
16,1000,100,100,0.8,block,clustered,1.0,CG,0.0002868720330297947,8,2.052036026215625,0.9425096451856865,5,0.0
16,1000,100,100,0.8,block,clustered,1.0,CG,0.0003068530932068825,9,1.9965504346856238,0.9600095931256307,6,0.0
16,1000,100,100,0.8,block,clustered,1.0,CG,0.0003042020834982395,9,2.0062817396112775,0.9534644895631074,7,0.0
16,1000,100,100,0.8,block,clustered,1.0,CG,0.0002890918403863907,8,2.2335188494454705,0.9401889740432591,8,0.0
16,1000,100,100,0.8,block,clustered,1.0,CG,0.0002838326618075371,8,2.5803894716889273,0.9319117958332387,9,0.0
16,1000,100,100,0.8,block,clustered,1.0,CG,0.00030777323991060257,9,2.217559469889973,0.9407304782743139,10,0.0
16,1000,100,100,0.8,block,clustered,1.0,LSQR,0.0010940288193523884,8,1.8596924484464765,0.9518291813217123,1,
16,1000,100,100,0.8,block,clustered,1.0,LSQR,0.0010673180222511292,8,2.084916319603071,0.9461384769820786,2,
16,1000,100,100,0.8,block,clustered,1.0,LSQR,0.0010504480451345444,8,2.3114059517485934,0.9374493982417779,3,
16,1000,100,100,0.8,block,clustered,1.0,LSQR,0.0010681981220841408,8,1.8974859832669821,0.953748565099894,4,
16,1000,100,100,0.8,block,clustered,1.0,LSQR,0.0010536778718233109,8,2.0520360262156254,0.9425096451856865,5,
16,1000,100,100,0.8,block,clustered,1.0,LSQR,0.0010497970506548882,8,1.9965504346856247,0.9600095932594195,6,
16,1000,100,100,0.8,block,clustered,1.0,LSQR,0.001032498199492693,8,2.0062817396112784,0.953464489670363,7,
16,1000,100,100,0.8,block,clustered,1.0,LSQR,0.0010628881864249706,8,2.2335188494454705,0.9401889740432591,8,
16,1000,100,100,0.8,block,clustered,1.0,LSQR,0.0010573877952992916,8,2.580389471688927,0.9319117958332385,9,
16,1000,100,100,0.8,block,clustered,1.0,LSQR,0.0010537570342421532,8,2.217559469889974,0.9407304784636159,10,
16,1000,100,100,0.8,block,clustered,1.0,LSMR,0.0011117076501250267,8,1.8596924484464785,0.9518291813346912,1,
16,1000,100,100,0.8,block,clustered,1.0,LSMR,0.0010911189019680023,8,2.0849163196030727,0.946138476993443,2,
16,1000,100,100,0.8,block,clustered,1.0,LSMR,0.001105448231101036,8,2.3114059517485948,0.937449398252275,3,
16,1000,100,100,0.8,block,clustered,1.0,LSMR,0.0010810382664203644,8,1.8974859832669828,0.9537485651062247,4,
16,1000,100,100,0.8,block,clustered,1.0,LSMR,0.0010840077884495258,8,2.0520360262156268,0.942509645203573,5,
16,1000,100,100,0.8,block,clustered,1.0,LSMR,0.0010837777517735958,8,1.996550434685627,0.9600095932828472,6,
16,1000,100,100,0.8,block,clustered,1.0,LSMR,0.0010847277007997036,8,2.0062817396112824,0.9534644896911378,7,
16,1000,100,100,0.8,block,clustered,1.0,LSMR,0.0010966192930936813,8,2.2335188494454723,0.9401889740612543,8,
16,1000,100,100,0.8,block,clustered,1.0,LSMR,0.0010884781368076801,8,2.58038947168893,0.931911795853181,9,
16,1000,100,100,0.8,block,clustered,1.0,LSMR,0.0010754079557955265,8,2.217559469889978,0.9407304785042311,10,
17,1000,100,1000,0.8,random,linear,1.0,Direct,0.002393747679889202,1,2.286462176878981,0.9331680367038879,1,
17,1000,100,1000,0.8,random,linear,1.0,Direct,0.002316487953066826,1,2.2800293914992373,0.9413072191649561,2,
17,1000,100,1000,0.8,random,linear,1.0,Direct,0.0022705672308802605,1,2.4575659020384824,0.9372291709616214,3,
17,1000,100,1000,0.8,random,linear,1.0,Direct,0.002316306810826063,1,2.287521705687286,0.937714754129691,4,
17,1000,100,1000,0.8,random,linear,1.0,Direct,0.0022848770022392273,1,2.208536653991528,0.9402650900092998,5,
17,1000,100,1000,0.8,random,linear,1.0,Direct,0.002301948145031929,1,2.5206831657975544,0.9391695037897626,6,
17,1000,100,1000,0.8,random,linear,1.0,Direct,0.0022855778224766254,1,2.408190668619013,0.9392791371355554,7,
17,1000,100,1000,0.8,random,linear,1.0,Direct,0.00231377687305212,1,2.3431727726373555,0.9419464325650817,8,
17,1000,100,1000,0.8,random,linear,1.0,Direct,0.0022926367819309235,1,2.6255049751028077,0.9372001307058428,9,
17,1000,100,1000,0.8,random,linear,1.0,Direct,0.0022608768194913864,1,2.2467159382004165,0.945469792661617,10,
17,1000,100,1000,0.8,random,linear,1.0,CG,0.0002741217613220215,5,2.2864621768789815,0.9331680367070598,1,0.0
17,1000,100,1000,0.8,random,linear,1.0,CG,0.0002595121040940285,5,2.2800293914992373,0.9413072191670444,2,0.0
17,1000,100,1000,0.8,random,linear,1.0,CG,0.0002613021060824394,5,2.4575659020384824,0.9372291709672698,3,0.0
17,1000,100,1000,0.8,random,linear,1.0,CG,0.00024780211970210075,5,2.287521705687286,0.9377147541333744,4,0.0
17,1000,100,1000,0.8,random,linear,1.0,CG,0.00024538207799196243,5,2.208536653991529,0.9402650900132414,5,0.0
17,1000,100,1000,0.8,random,linear,1.0,CG,0.00025271205231547356,5,2.520683165797555,0.9391695037917208,6,0.0
17,1000,100,1000,0.8,random,linear,1.0,CG,0.0002430221065878868,5,2.4081906686190124,0.9392791371387981,7,0.0
17,1000,100,1000,0.8,random,linear,1.0,CG,0.00024851178750395775,5,2.343172772637356,0.9419464325727962,8,0.0
17,1000,100,1000,0.8,random,linear,1.0,CG,0.0002449420280754566,5,2.6255049751028077,0.937200130709396,9,0.0
17,1000,100,1000,0.8,random,linear,1.0,CG,0.0002510729245841503,5,2.246715938200417,0.9454697926653586,10,0.0
17,1000,100,1000,0.8,random,linear,1.0,LSQR,0.0007562357932329178,5,2.2864621768789815,0.9331680367070598,1,
17,1000,100,1000,0.8,random,linear,1.0,LSQR,0.0007239650003612041,5,2.280029391499237,0.9413072191670444,2,
17,1000,100,1000,0.8,random,linear,1.0,LSQR,0.0007125749252736568,5,2.4575659020384824,0.9372291709672698,3,
17,1000,100,1000,0.8,random,linear,1.0,LSQR,0.0007323850877583027,5,2.287521705687286,0.9377147541333746,4,
17,1000,100,1000,0.8,random,linear,1.0,LSQR,0.0007082046940922737,5,2.208536653991529,0.9402650900132414,5,
17,1000,100,1000,0.8,random,linear,1.0,LSQR,0.0007039052434265614,5,2.520683165797555,0.9391695037917208,6,
17,1000,100,1000,0.8,random,linear,1.0,LSQR,0.0007147560827434063,5,2.4081906686190124,0.9392791371387983,7,
17,1000,100,1000,0.8,random,linear,1.0,LSQR,0.0007274160161614418,5,2.343172772637356,0.9419464325727962,8,
17,1000,100,1000,0.8,random,linear,1.0,LSQR,0.0007136552594602108,5,2.6255049751028077,0.937200130709396,9,
17,1000,100,1000,0.8,random,linear,1.0,LSQR,0.0007179747335612774,5,2.246715938200417,0.9454697926653586,10,
17,1000,100,1000,0.8,random,linear,1.0,LSMR,0.0007709451019763947,5,2.2864621768789815,0.933168036707358,1,
17,1000,100,1000,0.8,random,linear,1.0,LSMR,0.0007323459722101688,5,2.2800293914992373,0.9413072191673358,2,
17,1000,100,1000,0.8,random,linear,1.0,LSMR,0.000757104717195034,5,2.4575659020384824,0.9372291709675463,3,
17,1000,100,1000,0.8,random,linear,1.0,LSMR,0.0007505449466407299,5,2.287521705687286,0.937714754133798,4,
17,1000,100,1000,0.8,random,linear,1.0,LSMR,0.0007745563052594662,5,2.2085366539915285,0.9402650900136325,5,
17,1000,100,1000,0.8,random,linear,1.0,LSMR,0.0007742159068584442,5,2.5206831657975544,0.9391695037918908,6,
17,1000,100,1000,0.8,random,linear,1.0,LSMR,0.0007718857377767563,5,2.4081906686190133,0.9392791371391739,7,
17,1000,100,1000,0.8,random,linear,1.0,LSMR,0.0007743346504867077,5,2.343172772637356,0.9419464325731645,8,
17,1000,100,1000,0.8,random,linear,1.0,LSMR,0.0007391148246824741,5,2.625504975102808,0.937200130709592,9,
17,1000,100,1000,0.8,random,linear,1.0,LSMR,0.0007446659728884697,5,2.246715938200417,0.945469792665726,10,
18,1000,100,1000,0.8,random,exponential,1.0,Direct,0.002382917795330286,1,1.2288368991483845,0.9825750150329143,1,
18,1000,100,1000,0.8,random,exponential,1.0,Direct,0.0022857366129755974,1,1.2556972080388027,0.9837850348101411,2,
18,1000,100,1000,0.8,random,exponential,1.0,Direct,0.002275367733091116,1,1.2235992122359964,0.985914487233341,3,
18,1000,100,1000,0.8,random,exponential,1.0,Direct,0.002316666767001152,1,1.1465660825134987,0.9859043912868756,4,
18,1000,100,1000,0.8,random,exponential,1.0,Direct,0.002280638087540865,1,1.1248145047619855,0.9862089849470558,5,
18,1000,100,1000,0.8,random,exponential,1.0,Direct,0.002252256963402033,1,1.2466156694404518,0.9864049003146819,6,
18,1000,100,1000,0.8,random,exponential,1.0,Direct,0.0022439174354076385,1,1.2634873675857454,0.9849897512184134,7,
18,1000,100,1000,0.8,random,exponential,1.0,Direct,0.0022931378334760666,1,1.1507969641203044,0.9873959918128509,8,
18,1000,100,1000,0.8,random,exponential,1.0,Direct,0.002279746811836958,1,1.3963231465697772,0.9837022890395257,9,
18,1000,100,1000,0.8,random,exponential,1.0,Direct,0.002257386688143015,1,1.1600291430562846,0.9867042446012694,10,
18,1000,100,1000,0.8,random,exponential,1.0,CG,0.00028490182012319565,5,1.2288368991483845,0.9825750150334036,1,0.0
18,1000,100,1000,0.8,random,exponential,1.0,CG,0.00025620171800255775,5,1.2556972080388027,0.9837850348103591,2,0.0
18,1000,100,1000,0.8,random,exponential,1.0,CG,0.00025529181584715843,5,1.2235992122359962,0.9859144872337091,3,0.0
18,1000,100,1000,0.8,random,exponential,1.0,CG,0.00025477074086666107,5,1.1465660825134987,0.9859043912876538,4,0.0
18,1000,100,1000,0.8,random,exponential,1.0,CG,0.0002507520839571953,5,1.1248145047619855,0.9862089849477557,5,0.0
18,1000,100,1000,0.8,random,exponential,1.0,CG,0.00025070225819945335,5,1.2466156694404518,0.9864049003150017,6,0.0
18,1000,100,1000,0.8,random,exponential,1.0,CG,0.00025691185146570206,5,1.2634873675857454,0.984989751218704,7,0.0
18,1000,100,1000,0.8,random,exponential,1.0,CG,0.0002484717406332493,5,1.1507969641203046,0.9873959918130313,8,0.0
18,1000,100,1000,0.8,random,exponential,1.0,CG,0.0002449220046401024,5,1.3963231465697774,0.9837022890398078,9,0.0
18,1000,100,1000,0.8,random,exponential,1.0,CG,0.00025017186999320984,5,1.1600291430562846,0.9867042446013761,10,0.0
18,1000,100,1000,0.8,random,exponential,1.0,LSQR,0.0006594052538275719,4,1.2288368991483847,0.9825750151181526,1,
18,1000,100,1000,0.8,random,exponential,1.0,LSQR,0.0006515048444271088,4,1.255697208038803,0.9837850348581195,2,
18,1000,100,1000,0.8,random,exponential,1.0,LSQR,0.0006213351152837276,4,1.2235992122359964,0.9859144872771882,3,
18,1000,100,1000,0.8,random,exponential,1.0,LSQR,0.0006210049614310265,4,1.146566082513499,0.985904391384817,4,
18,1000,100,1000,0.8,random,exponential,1.0,LSQR,0.0006251051090657711,4,1.124814504761986,0.9862089850382177,5,
18,1000,100,1000,0.8,random,exponential,1.0,LSQR,0.0006217746995389462,4,1.246615669440452,0.9864049003623934,6,
18,1000,100,1000,0.8,random,exponential,1.0,LSQR,0.0006207539699971676,4,1.2634873675857456,0.9849897512756108,7,
18,1000,100,1000,0.8,random,exponential,1.0,LSQR,0.0006200647912919521,4,1.1507969641203046,0.9873959918392523,8,
18,1000,100,1000,0.8,random,exponential,1.0,LSQR,0.0006247451528906822,4,1.3963231465697774,0.9837022890795069,9,
18,1000,100,1000,0.8,random,exponential,1.0,LSQR,0.0006252340972423553,4,1.1600291430562848,0.9867042446194996,10,
18,1000,100,1000,0.8,random,exponential,1.0,LSMR,0.0007800459861755371,5,1.2288368991483845,0.9825750150334149,1,
18,1000,100,1000,0.8,random,exponential,1.0,LSMR,0.0007430552504956722,5,1.255697208038803,0.9837850348103665,2,
18,1000,100,1000,0.8,random,exponential,1.0,LSMR,0.0007362351752817631,5,1.2235992122359964,0.9859144872337184,3,
18,1000,100,1000,0.8,random,exponential,1.0,LSMR,0.0007391553372144699,5,1.1465660825134987,0.9859043912876678,4,
18,1000,100,1000,0.8,random,exponential,1.0,LSMR,0.0007346449419856071,5,1.1248145047619855,0.9862089849477681,5,
18,1000,100,1000,0.8,random,exponential,1.0,LSMR,0.0007674461230635643,5,1.2466156694404518,0.9864049003150072,6,
18,1000,100,1000,0.8,random,exponential,1.0,LSMR,0.0007604560814797878,5,1.2634873675857454,0.9849897512187132,7,
18,1000,100,1000,0.8,random,exponential,1.0,LSMR,0.0006624548695981503,4,1.1507969641203046,0.9873959918398619,8,
18,1000,100,1000,0.8,random,exponential,1.0,LSMR,0.0007389462552964687,5,1.3963231465697774,0.9837022890398165,9,
18,1000,100,1000,0.8,random,exponential,1.0,LSMR,0.0006485553458333015,4,1.1600291430562848,0.9867042446198051,10,
19,1000,100,1000,0.8,random,polynomial,1.0,Direct,0.0023317276500165462,1,1.8649682507097973,0.9570978174637004,1,
19,1000,100,1000,0.8,random,polynomial,1.0,Direct,0.0022421269677579403,1,1.8615281872913911,0.9621638679777967,2,
19,1000,100,1000,0.8,random,polynomial,1.0,Direct,0.002250337041914463,1,1.9467031709877898,0.9620412565445918,3,
19,1000,100,1000,0.8,random,polynomial,1.0,Direct,0.0023044482804834843,1,1.8172042347703634,0.9620936933708649,4,
19,1000,100,1000,0.8,random,polynomial,1.0,Direct,0.0022218069061636925,1,1.780855112160139,0.9625812154545476,5,
19,1000,100,1000,0.8,random,polynomial,1.0,Direct,0.0022735772654414177,1,1.9997180454542418,0.9629437563938655,6,
19,1000,100,1000,0.8,random,polynomial,1.0,Direct,0.0022513968870043755,1,1.932343288880681,0.962375024931095,7,
19,1000,100,1000,0.8,random,polynomial,1.0,Direct,0.0022972668521106243,1,1.825592483179474,0.9659992564218092,8,
19,1000,100,1000,0.8,random,polynomial,1.0,Direct,0.0022701770067214966,1,2.137365284523162,0.9596480773147015,9,
19,1000,100,1000,0.8,random,polynomial,1.0,Direct,0.002267617266625166,1,1.7892930267397635,0.9665326240045794,10,
19,1000,100,1000,0.8,random,polynomial,1.0,CG,0.0002721021883189678,5,1.8649682507097973,0.9570978174649235,1,0.0
19,1000,100,1000,0.8,random,polynomial,1.0,CG,0.0002770721912384033,5,1.8615281872913911,0.9621638679782168,2,0.0
19,1000,100,1000,0.8,random,polynomial,1.0,CG,0.00026993174105882645,5,1.94670317098779,0.962041256546217,3,0.0
19,1000,100,1000,0.8,random,polynomial,1.0,CG,0.00024753203615546227,5,1.8172042347703634,0.9620936933725532,4,0.0
19,1000,100,1000,0.8,random,polynomial,1.0,CG,0.00027171289548277855,5,1.780855112160139,0.9625812154565957,5,0.0
19,1000,100,1000,0.8,random,polynomial,1.0,CG,0.0002492116764187813,5,1.9997180454542418,0.9629437563944988,6,0.0
19,1000,100,1000,0.8,random,polynomial,1.0,CG,0.00024356180801987648,5,1.932343288880681,0.9623750249326077,7,0.0
19,1000,100,1000,0.8,random,polynomial,1.0,CG,0.00024103187024593353,5,1.825592483179474,0.9659992564232746,8,0.0
19,1000,100,1000,0.8,random,polynomial,1.0,CG,0.0002498319372534752,5,2.137365284523162,0.9596480773153504,9,0.0
19,1000,100,1000,0.8,random,polynomial,1.0,CG,0.0002536224201321602,5,1.7892930267397635,0.9665326240052444,10,0.0
19,1000,100,1000,0.8,random,polynomial,1.0,LSQR,0.0007493961602449417,5,1.8649682507097973,0.9570978174649235,1,
19,1000,100,1000,0.8,random,polynomial,1.0,LSQR,0.0007213759236037731,5,1.8615281872913911,0.9621638679782171,2,
19,1000,100,1000,0.8,random,polynomial,1.0,LSQR,0.0007174448110163212,5,1.94670317098779,0.9620412565462172,3,
19,1000,100,1000,0.8,random,polynomial,1.0,LSQR,0.0007174159400165081,5,1.8172042347703636,0.9620936933725532,4,
19,1000,100,1000,0.8,random,polynomial,1.0,LSQR,0.0007236660458147526,5,1.780855112160139,0.9625812154565955,5,
19,1000,100,1000,0.8,random,polynomial,1.0,LSQR,0.0007134247571229935,5,1.9997180454542418,0.9629437563944988,6,
19,1000,100,1000,0.8,random,polynomial,1.0,LSQR,0.0007089953869581223,5,1.932343288880681,0.9623750249326077,7,
19,1000,100,1000,0.8,random,polynomial,1.0,LSQR,0.0007236050441861153,5,1.825592483179474,0.9659992564232746,8,
19,1000,100,1000,0.8,random,polynomial,1.0,LSQR,0.000722816213965416,5,2.137365284523162,0.9596480773153504,9,
19,1000,100,1000,0.8,random,polynomial,1.0,LSQR,0.0007209950126707554,5,1.7892930267397635,0.9665326240052444,10,
19,1000,100,1000,0.8,random,polynomial,1.0,LSMR,0.0007878858596086502,5,1.8649682507097973,0.957097817464985,1,
19,1000,100,1000,0.8,random,polynomial,1.0,LSMR,0.0007392563857138157,5,1.8615281872913914,0.962163867978267,2,
19,1000,100,1000,0.8,random,polynomial,1.0,LSMR,0.0007489561103284359,5,1.9467031709877898,0.9620412565462846,3,
19,1000,100,1000,0.8,random,polynomial,1.0,LSMR,0.0007320051081478596,5,1.8172042347703634,0.9620936933726246,4,
19,1000,100,1000,0.8,random,polynomial,1.0,LSMR,0.0007454860024154186,5,1.7808551121601388,0.9625812154566818,5,
19,1000,100,1000,0.8,random,polynomial,1.0,LSMR,0.000754005741328001,5,1.999718045454242,0.9629437563945464,6,
19,1000,100,1000,0.8,random,polynomial,1.0,LSMR,0.0007528560236096382,5,1.932343288880681,0.9623750249326605,7,
19,1000,100,1000,0.8,random,polynomial,1.0,LSMR,0.0007498161867260933,5,1.825592483179474,0.9659992564233343,8,
19,1000,100,1000,0.8,random,polynomial,1.0,LSMR,0.0007395157590508461,5,2.137365284523162,0.9596480773153935,9,
19,1000,100,1000,0.8,random,polynomial,1.0,LSMR,0.000760435126721859,5,1.7892930267397635,0.9665326240053018,10,
20,1000,100,1000,0.8,random,clustered,1.0,Direct,0.0023453780449926853,1,2.308067972354174,0.9315294415069455,1,
20,1000,100,1000,0.8,random,clustered,1.0,Direct,0.0022966968826949596,1,2.28528634733397,0.9410173771968805,2,
20,1000,100,1000,0.8,random,clustered,1.0,Direct,0.00230562686920166,1,2.3960959113116327,0.9404867011062239,3,
20,1000,100,1000,0.8,random,clustered,1.0,Direct,0.0023227869533002377,1,2.2257123660156597,0.9411994001558959,4,
20,1000,100,1000,0.8,random,clustered,1.0,Direct,0.002254196908324957,1,2.258218292222424,0.9370122343518552,5,
20,1000,100,1000,0.8,random,clustered,1.0,Direct,0.0022589173167943954,1,2.510714832963311,0.9395776099940112,6,
20,1000,100,1000,0.8,random,clustered,1.0,Direct,0.002284097019582987,1,2.4074495066209067,0.9394467525533158,7,
20,1000,100,1000,0.8,random,clustered,1.0,Direct,0.0022762371227145195,1,2.281467853827206,0.9448734873850186,8,
20,1000,100,1000,0.8,random,clustered,1.0,Direct,0.0022961078211665154,1,2.7208370672575137,0.9318895462390508,9,
20,1000,100,1000,0.8,random,clustered,1.0,Direct,0.002246537245810032,1,2.2662853053020475,0.9444347969531496,10,
20,1000,100,1000,0.8,random,clustered,1.0,CG,0.0002880217507481575,6,2.308067972354174,0.9315294415069438,1,0.0
20,1000,100,1000,0.8,random,clustered,1.0,CG,0.00027176225557923317,6,2.2852863473339706,0.9410173771969622,2,0.0
20,1000,100,1000,0.8,random,clustered,1.0,CG,0.0002624019980430603,6,2.396095911311633,0.9404867011062777,3,0.0
20,1000,100,1000,0.8,random,clustered,1.0,CG,0.00026534171774983406,6,2.2257123660156592,0.9411994001562252,4,0.0
20,1000,100,1000,0.8,random,clustered,1.0,CG,0.00026230188086628914,6,2.2582182922224243,0.9370122343519776,5,0.0
20,1000,100,1000,0.8,random,clustered,1.0,CG,0.00025848206132650375,6,2.510714832963311,0.9395776099940092,6,0.0
20,1000,100,1000,0.8,random,clustered,1.0,CG,0.00025825202465057373,6,2.407449506620907,0.9394467525535575,7,0.0
20,1000,100,1000,0.8,random,clustered,1.0,CG,0.00025224173441529274,6,2.281467853827206,0.9448734873852697,8,0.0
20,1000,100,1000,0.8,random,clustered,1.0,CG,0.0002534720115363598,6,2.720837067257514,0.9318895462391804,9,0.0
20,1000,100,1000,0.8,random,clustered,1.0,CG,0.0002569323405623436,6,2.2662853053020475,0.9444347969530317,10,0.0
20,1000,100,1000,0.8,random,clustered,1.0,LSQR,0.0007342263124883175,5,2.308067972354174,0.9315294415197171,1,
20,1000,100,1000,0.8,random,clustered,1.0,LSQR,0.0007174462080001831,5,2.2852863473339706,0.9410173772051839,2,
20,1000,100,1000,0.8,random,clustered,1.0,LSQR,0.000704245176166296,5,2.396095911311633,0.9404867011216799,3,
20,1000,100,1000,0.8,random,clustered,1.0,LSQR,0.0007121050730347633,5,2.22571236601566,0.9411994001717298,4,
20,1000,100,1000,0.8,random,clustered,1.0,LSQR,0.0007089045830070972,5,2.2582182922224248,0.9370122343753636,5,
20,1000,100,1000,0.8,random,clustered,1.0,LSQR,0.0007086158730089664,5,2.5107148329633113,0.9395776099985598,6,
20,1000,100,1000,0.8,random,clustered,1.0,LSQR,0.000712905079126358,5,2.407449506620907,0.9394467525750786,7,
20,1000,100,1000,0.8,random,clustered,1.0,LSQR,0.0007001049816608429,5,2.2814678538272064,0.9448734874067211,8,
20,1000,100,1000,0.8,random,clustered,1.0,LSQR,0.0007197759114205837,5,2.720837067257514,0.9318895462522501,9,
20,1000,100,1000,0.8,random,clustered,1.0,LSQR,0.000710285734385252,5,2.266285305302048,0.9444347969634307,10,
20,1000,100,1000,0.8,random,clustered,1.0,LSMR,0.0007514860481023788,5,2.3080679723541753,0.9315294415210109,1,
20,1000,100,1000,0.8,random,clustered,1.0,LSMR,0.0007370458915829659,5,2.285286347333971,0.9410173772059922,2,
20,1000,100,1000,0.8,random,clustered,1.0,LSMR,0.0007288949564099312,5,2.3960959113116345,0.9404867011229661,3,
20,1000,100,1000,0.8,random,clustered,1.0,LSMR,0.000731955748051405,5,2.225712366015661,0.941199400173141,4,
20,1000,100,1000,0.8,random,clustered,1.0,LSMR,0.000737515278160572,5,2.258218292222426,0.9370122343774175,5,
20,1000,100,1000,0.8,random,clustered,1.0,LSMR,0.0007537249475717545,5,2.5107148329633113,0.9395776099988743,6,
20,1000,100,1000,0.8,random,clustered,1.0,LSMR,0.0007603163830935955,5,2.4074495066209076,0.9394467525764258,7,
20,1000,100,1000,0.8,random,clustered,1.0,LSMR,0.000749646220356226,5,2.2814678538272077,0.9448734874082937,8,
20,1000,100,1000,0.8,random,clustered,1.0,LSMR,0.0007652859203517437,5,2.720837067257515,0.9318895462531255,9,
20,1000,100,1000,0.8,random,clustered,1.0,LSMR,0.0007411348633468151,5,2.266285305302049,0.9444347969647489,10,
21,1000,100,1000,0.8,block,linear,1.0,Direct,0.003659037873148918,1,1.9093295422835643,0.9512694131572524,1,
21,1000,100,1000,0.8,block,linear,1.0,Direct,0.0035325968638062477,1,2.138993923814566,0.944880260532717,2,
21,1000,100,1000,0.8,block,linear,1.0,Direct,0.0035744071938097477,1,2.528480422117135,0.9278003542368359,3,
21,1000,100,1000,0.8,block,linear,1.0,Direct,0.003521386068314314,1,2.0826694343815366,0.9454548365924288,4,
21,1000,100,1000,0.8,block,linear,1.0,Direct,0.0035459566861391068,1,2.1795840674769575,0.937546968477887,5,
21,1000,100,1000,0.8,block,linear,1.0,Direct,0.0035234461538493633,1,2.2887695399655015,0.9482743137527405,6,
21,1000,100,1000,0.8,block,linear,1.0,Direct,0.0035414169542491436,1,2.157056375409618,0.9475125633119361,7,
21,1000,100,1000,0.8,block,linear,1.0,Direct,0.0035104756243526936,1,2.299671721009124,0.9390851205065933,8,
21,1000,100,1000,0.8,block,linear,1.0,Direct,0.0035153860226273537,1,2.6197293175287575,0.9324399389756898,9,
21,1000,100,1000,0.8,block,linear,1.0,Direct,0.003499765880405903,1,2.367000238006288,0.9355773570304396,10,
21,1000,100,1000,0.8,block,linear,1.0,CG,0.0003203819505870342,8,1.909329542283564,0.9512694131586042,1,0.0
21,1000,100,1000,0.8,block,linear,1.0,CG,0.00029778294265270233,8,2.138993923814566,0.9448802605385896,2,0.0
21,1000,100,1000,0.8,block,linear,1.0,CG,0.00029643159359693527,8,2.528480422117135,0.9278003542421889,3,0.0
21,1000,100,1000,0.8,block,linear,1.0,CG,0.00029742205515503883,8,2.0826694343815366,0.945454836596841,4,0.0
21,1000,100,1000,0.8,block,linear,1.0,CG,0.000292791984975338,8,2.1795840674769575,0.9375469684809914,5,0.0
21,1000,100,1000,0.8,block,linear,1.0,CG,0.0002943519502878189,8,2.288769539965501,0.9482743137550993,6,0.0
21,1000,100,1000,0.8,block,linear,1.0,CG,0.00028473231941461563,8,2.1570563754096184,0.9475125633161795,7,0.0
21,1000,100,1000,0.8,block,linear,1.0,CG,0.0002981126308441162,8,2.299671721009123,0.9390851205090247,8,0.0
21,1000,100,1000,0.8,block,linear,1.0,CG,0.00030106212943792343,8,2.6197293175287575,0.9324399389801253,9,0.0
21,1000,100,1000,0.8,block,linear,1.0,CG,0.0003001927398145199,8,2.3670002380062884,0.9355773570339253,10,0.0
21,1000,100,1000,0.8,block,linear,1.0,LSQR,0.0009922981262207031,7,1.9093295422835652,0.9512694131913938,1,
21,1000,100,1000,0.8,block,linear,1.0,LSQR,0.0009635770693421364,7,2.1389939238145685,0.9448802606677645,2,
21,1000,100,1000,0.8,block,linear,1.0,LSQR,0.0009529967792332172,7,2.5284804221171377,0.9278003543075974,3,
21,1000,100,1000,0.8,block,linear,1.0,LSQR,0.0009539970196783543,7,2.082669434381539,0.9454548366485278,4,
21,1000,100,1000,0.8,block,linear,1.0,LSQR,0.0009629870764911175,7,2.1795840674769584,0.9375469685291524,5,
21,1000,100,1000,0.8,block,linear,1.0,LSQR,0.0009480370208621025,7,2.2887695399655033,0.9482743138188084,6,
21,1000,100,1000,0.8,block,linear,1.0,LSQR,0.0009575765579938889,7,2.1570563754096215,0.9475125634101663,7,
21,1000,100,1000,0.8,block,linear,1.0,LSQR,0.0009593167342245579,7,2.2996717210091258,0.9390851205579858,8,
21,1000,100,1000,0.8,block,linear,1.0,LSQR,0.000958337914198637,7,2.6197293175287593,0.9324399390528931,9,
21,1000,100,1000,0.8,block,linear,1.0,LSQR,0.0009811483323574066,7,2.36700023800629,0.9355773570834979,10,
21,1000,100,1000,0.8,block,linear,1.0,LSMR,0.0010079871863126755,7,1.9093295422835674,0.9512694131946597,1,
21,1000,100,1000,0.8,block,linear,1.0,LSMR,0.0010087979026138783,7,2.138993923814576,0.9448802606835106,2,
21,1000,100,1000,0.8,block,linear,1.0,LSMR,0.0010005668736994267,7,2.528480422117148,0.9278003543168585,3,
21,1000,100,1000,0.8,block,linear,1.0,LSMR,0.000991766806691885,7,2.0826694343815464,0.9454548366546048,4,
21,1000,100,1000,0.8,block,linear,1.0,LSMR,0.0009934171102941036,7,2.179584067476963,0.9375469685368457,5,
21,1000,100,1000,0.8,block,linear,1.0,LSMR,0.000986207276582718,7,2.288769539965511,0.9482743138272587,6,
21,1000,100,1000,0.8,block,linear,1.0,LSMR,0.0011085579171776772,8,2.1570563754096184,0.9475125633168078,7,
21,1000,100,1000,0.8,block,linear,1.0,LSMR,0.0009901379235088825,7,2.299671721009134,0.9390851205661431,8,
21,1000,100,1000,0.8,block,linear,1.0,LSMR,0.000989366788417101,7,2.6197293175287646,0.9324399390609663,9,
21,1000,100,1000,0.8,block,linear,1.0,LSMR,0.0009925873018801212,7,2.3670002380062933,0.9355773570895992,10,
22,1000,100,1000,0.8,block,exponential,1.0,Direct,0.0036306167021393776,1,0.9175569558994205,0.9900428452966079,1,
22,1000,100,1000,0.8,block,exponential,1.0,Direct,0.003552685957401991,1,1.2123686596776873,0.9839962168363481,2,
22,1000,100,1000,0.8,block,exponential,1.0,Direct,0.0035691671073436737,1,1.1773241826150804,0.9860958052618165,3,
22,1000,100,1000,0.8,block,exponential,1.0,Direct,0.0035458961501717567,1,1.1927505211836973,0.9836792140863718,4,
22,1000,100,1000,0.8,block,exponential,1.0,Direct,0.003549066837877035,1,1.0022293076496445,0.9889656195797834,5,
22,1000,100,1000,0.8,block,exponential,1.0,Direct,0.003539497032761574,1,1.149160227813802,0.9879983974651393,6,
22,1000,100,1000,0.8,block,exponential,1.0,Direct,0.0035715559497475624,1,1.2453613460744513,0.9843758957252238,7,
22,1000,100,1000,0.8,block,exponential,1.0,Direct,0.003550216555595398,1,1.2692526576883374,0.9831232571088158,8,
22,1000,100,1000,0.8,block,exponential,1.0,Direct,0.0035525867715477943,1,1.4232838753544397,0.9821139846653829,9,
22,1000,100,1000,0.8,block,exponential,1.0,Direct,0.0035514365881681442,1,0.9832365527659024,0.990624726020798,10,
22,1000,100,1000,0.8,block,exponential,1.0,CG,0.00030527263879776,7,0.9175569558994205,0.9900428452994755,1,0.0
22,1000,100,1000,0.8,block,exponential,1.0,CG,0.000295812264084816,7,1.2123686596776873,0.9839962168456058,2,0.0
22,1000,100,1000,0.8,block,exponential,1.0,CG,0.0003094421699643135,7,1.1773241826150806,0.986095805273878,3,0.0
22,1000,100,1000,0.8,block,exponential,1.0,CG,0.0002913717180490494,7,1.192750521183697,0.9836792141024229,4,0.0
22,1000,100,1000,0.8,block,exponential,1.0,CG,0.00028558308258652687,7,1.0022293076496445,0.988965619585721,5,0.0
22,1000,100,1000,0.8,block,exponential,1.0,CG,0.00028914306312799454,7,1.1491602278138018,0.9879983974686929,6,0.0
22,1000,100,1000,0.8,block,exponential,1.0,CG,0.0002756919711828232,7,1.245361346074451,0.9843758957288583,7,0.0
22,1000,100,1000,0.8,block,exponential,1.0,CG,0.00027590198442339897,7,1.2692526576883374,0.9831232571168818,8,0.0
22,1000,100,1000,0.8,block,exponential,1.0,CG,0.00027857208624482155,7,1.4232838753544397,0.9821139846694968,9,0.0
22,1000,100,1000,0.8,block,exponential,1.0,CG,0.00027801189571619034,7,0.9832365527659025,0.9906247260257863,10,0.0
22,1000,100,1000,0.8,block,exponential,1.0,LSQR,0.0008863070979714394,6,0.917556955899421,0.990042845410271,1,
22,1000,100,1000,0.8,block,exponential,1.0,LSQR,0.0008679167367517948,6,1.2123686596776881,0.9839962170165838,2,
22,1000,100,1000,0.8,block,exponential,1.0,LSQR,0.0008527962490916252,6,1.1773241826150815,0.986095805544906,3,
22,1000,100,1000,0.8,block,exponential,1.0,LSQR,0.0008377060294151306,6,1.1927505211837004,0.9836792144621137,4,
22,1000,100,1000,0.8,block,exponential,1.0,LSQR,0.0008404962718486786,6,1.0022293076496451,0.9889656196905979,5,
22,1000,100,1000,0.8,block,exponential,1.0,LSQR,0.0008429461158812046,6,1.1491602278138022,0.9879983975908426,6,
22,1000,100,1000,0.8,block,exponential,1.0,LSQR,0.0008432259783148766,6,1.2453613460744515,0.9843758957996611,7,
22,1000,100,1000,0.8,block,exponential,1.0,LSQR,0.000849506352096796,6,1.2692526576883387,0.9831232573205108,8,
22,1000,100,1000,0.8,block,exponential,1.0,LSQR,0.000855425838381052,6,1.4232838753544401,0.9821139847835035,9,
22,1000,100,1000,0.8,block,exponential,1.0,LSQR,0.0008491659536957741,6,0.9832365527659028,0.9906247261228723,10,
22,1000,100,1000,0.8,block,exponential,1.0,LSMR,0.0009116269648075104,6,0.9175569558994222,0.9900428454160448,1,
22,1000,100,1000,0.8,block,exponential,1.0,LSMR,0.0010059871710836887,7,1.2123686596776873,0.9839962168460358,2,
22,1000,100,1000,0.8,block,exponential,1.0,LSMR,0.001004357822239399,7,1.1773241826150806,0.9860958052753301,3,
22,1000,100,1000,0.8,block,exponential,1.0,LSMR,0.0009933779947459698,7,1.1927505211836973,0.9836792141030143,4,
22,1000,100,1000,0.8,block,exponential,1.0,LSMR,0.0008822958916425705,6,1.0022293076496462,0.9889656196951394,5,
22,1000,100,1000,0.8,block,exponential,1.0,LSMR,0.0008817971684038639,6,1.1491602278138033,0.9879983975986882,6,
22,1000,100,1000,0.8,block,exponential,1.0,LSMR,0.0008964668959379196,6,1.2453613460744524,0.9843758958059785,7,
22,1000,100,1000,0.8,block,exponential,1.0,LSMR,0.000986417755484581,7,1.2692526576883374,0.9831232571174465,8,
22,1000,100,1000,0.8,block,exponential,1.0,LSMR,0.0008657569997012615,6,1.4232838753544406,0.9821139847879132,9,
22,1000,100,1000,0.8,block,exponential,1.0,LSMR,0.000883657019585371,6,0.9832365527659039,0.9906247261270706,10,
23,1000,100,1000,0.8,block,polynomial,1.0,Direct,0.0036117471754550934,1,1.5318309790820221,0.9700049029204165,1,
23,1000,100,1000,0.8,block,polynomial,1.0,Direct,0.0035520470701158047,1,1.7782701051077316,0.9633178842076578,2,
23,1000,100,1000,0.8,block,polynomial,1.0,Direct,0.003555916715413332,1,1.9585153162142759,0.9585883262067876,3,
23,1000,100,1000,0.8,block,polynomial,1.0,Direct,0.003539217170327902,1,1.7219026035163039,0.9638896610578316,4,
23,1000,100,1000,0.8,block,polynomial,1.0,Direct,0.0035370057448744774,1,1.7304727648133624,0.9628244672271916,5,
23,1000,100,1000,0.8,block,polynomial,1.0,Direct,0.0035059857182204723,1,1.7696685509850174,0.9700364732755256,6,
23,1000,100,1000,0.8,block,polynomial,1.0,Direct,0.003526276908814907,1,1.7972128686978088,0.9648440128589659,7,
23,1000,100,1000,0.8,block,polynomial,1.0,Direct,0.0035018669441342354,1,1.8971609788078283,0.9599765159173212,8,
23,1000,100,1000,0.8,block,polynomial,1.0,Direct,0.0035249567590653896,1,2.171124596116419,0.9554703826473876,9,
23,1000,100,1000,0.8,block,polynomial,1.0,Direct,0.003516265656799078,1,1.8148028274890937,0.964154890833994,10,
23,1000,100,1000,0.8,block,polynomial,1.0,CG,0.00031268224120140076,7,1.5318309790820224,0.9700049029670802,1,0.0
23,1000,100,1000,0.8,block,polynomial,1.0,CG,0.0002920222468674183,7,1.7782701051077316,0.963317884335115,2,0.0
23,1000,100,1000,0.8,block,polynomial,1.0,CG,0.00030330196022987366,8,1.9585153162142759,0.9585883262148253,3,0.0
23,1000,100,1000,0.8,block,polynomial,1.0,CG,0.0003178720362484455,8,1.7219026035163039,0.963889661060393,4,0.0
23,1000,100,1000,0.8,block,polynomial,1.0,CG,0.00028849299997091293,7,1.7304727648133629,0.9628244672903558,5,0.0
23,1000,100,1000,0.8,block,polynomial,1.0,CG,0.0003123721107840538,8,1.7696685509850174,0.9700364732774686,6,0.0
23,1000,100,1000,0.8,block,polynomial,1.0,CG,0.00028857216238975525,7,1.7972128686978095,0.9648440129226618,7,0.0
23,1000,100,1000,0.8,block,polynomial,1.0,CG,0.0002920529805123806,7,1.8971609788078287,0.9599765159982377,8,0.0
23,1000,100,1000,0.8,block,polynomial,1.0,CG,0.00028623174875974655,7,2.171124596116419,0.9554703827005953,9,0.0
23,1000,100,1000,0.8,block,polynomial,1.0,CG,0.00028126174584031105,7,1.814802827489094,0.9641548908830826,10,0.0
23,1000,100,1000,0.8,block,polynomial,1.0,LSQR,0.0010021873749792576,7,1.5318309790820224,0.9700049029670802,1,
23,1000,100,1000,0.8,block,polynomial,1.0,LSQR,0.0009684283286333084,7,1.7782701051077319,0.963317884335115,2,
23,1000,100,1000,0.8,block,polynomial,1.0,LSQR,0.0009591882117092609,7,1.9585153162142765,0.9585883263152323,3,
23,1000,100,1000,0.8,block,polynomial,1.0,LSQR,0.0009609670378267765,7,1.721902603516304,0.9638896611128708,4,
23,1000,100,1000,0.8,block,polynomial,1.0,LSQR,0.0009775166399776936,7,1.7304727648133629,0.9628244672903558,5,
23,1000,100,1000,0.8,block,polynomial,1.0,LSQR,0.0009645875543355942,7,1.7696685509850176,0.9700364733227453,6,
23,1000,100,1000,0.8,block,polynomial,1.0,LSQR,0.0009658369235694408,7,1.7972128686978093,0.9648440129226618,7,
23,1000,100,1000,0.8,block,polynomial,1.0,LSQR,0.000979917123913765,7,1.8971609788078287,0.9599765159982377,8,
23,1000,100,1000,0.8,block,polynomial,1.0,LSQR,0.0009688469581305981,7,2.171124596116419,0.9554703827005953,9,
23,1000,100,1000,0.8,block,polynomial,1.0,LSQR,0.0009712767787277699,7,1.814802827489094,0.9641548908830826,10,
23,1000,100,1000,0.8,block,polynomial,1.0,LSMR,0.0010104477405548096,7,1.531830979082023,0.9700049029718679,1,
23,1000,100,1000,0.8,block,polynomial,1.0,LSMR,0.001018257811665535,7,1.778270105107733,0.9633178843468752,2,
23,1000,100,1000,0.8,block,polynomial,1.0,LSMR,0.001019718125462532,7,1.9585153162142792,0.9585883263281045,3,
23,1000,100,1000,0.8,block,polynomial,1.0,LSMR,0.0010128081776201725,7,1.7219026035163054,0.9638896611181181,4,
23,1000,100,1000,0.8,block,polynomial,1.0,LSMR,0.0009934981353580952,7,1.7304727648133635,0.9628244672954773,5,
23,1000,100,1000,0.8,block,polynomial,1.0,LSMR,0.0009974776767194271,7,1.7696685509850185,0.9700364733275996,6,
23,1000,100,1000,0.8,block,polynomial,1.0,LSMR,0.0010009580291807652,7,1.7972128686978102,0.96484401292738,7,
23,1000,100,1000,0.8,block,polynomial,1.0,LSMR,0.0009868280030786991,7,1.8971609788078299,0.9599765160065592,8,
23,1000,100,1000,0.8,block,polynomial,1.0,LSMR,0.0009920871816575527,7,2.1711245961164196,0.9554703827050928,9,
23,1000,100,1000,0.8,block,polynomial,1.0,LSMR,0.0009970883838832378,7,1.8148028274890942,0.9641548908867177,10,
24,1000,100,1000,0.8,block,clustered,1.0,Direct,0.003613237291574478,1,1.856669961556146,0.9519754234454337,1,
24,1000,100,1000,0.8,block,clustered,1.0,Direct,0.0035567558370530605,1,2.084044971213202,0.9461854060777535,2,
24,1000,100,1000,0.8,block,clustered,1.0,Direct,0.003582987003028393,1,2.3026434776562725,0.9379335338819448,3,
24,1000,100,1000,0.8,block,clustered,1.0,Direct,0.003565216902643442,1,1.8928012619621928,0.9539658153976779,4,
24,1000,100,1000,0.8,block,clustered,1.0,Direct,0.0035676071420311928,1,2.047835118166542,0.9427406535753242,5,
24,1000,100,1000,0.8,block,clustered,1.0,Direct,0.0035501159727573395,1,1.9927233484998412,0.9601511508984987,6,
24,1000,100,1000,0.8,block,clustered,1.0,Direct,0.003555517178028822,1,2.0016783147728394,0.953674800983202,7,
24,1000,100,1000,0.8,block,clustered,1.0,Direct,0.0035406569950282574,1,2.2291400794387877,0.9404267265716405,8,
24,1000,100,1000,0.8,block,clustered,1.0,Direct,0.0035647060722112656,1,2.577484339192342,0.9320632018044896,9,
24,1000,100,1000,0.8,block,clustered,1.0,Direct,0.0035380469635128975,1,2.213165456184788,0.9409603320278119,10,
24,1000,100,1000,0.8,block,clustered,1.0,CG,0.0003254031762480736,8,1.8566699615561466,0.9519754235514333,1,0.0
24,1000,100,1000,0.8,block,clustered,1.0,CG,0.000324321910738945,8,2.0840449712132023,0.9461854061835006,2,0.0
24,1000,100,1000,0.8,block,clustered,1.0,CG,0.0003049219958484173,8,2.3026434776562725,0.937933533999413,3,0.0
24,1000,100,1000,0.8,block,clustered,1.0,CG,0.00031522195786237717,8,1.892801261962193,0.9539658154536346,4,0.0
24,1000,100,1000,0.8,block,clustered,1.0,CG,0.0003201030194759369,8,2.047835118166542,0.9427406537140504,5,0.0
24,1000,100,1000,0.8,block,clustered,1.0,CG,0.00033067213371396065,9,1.9927233484998415,0.9601511509115426,6,0.0
24,1000,100,1000,0.8,block,clustered,1.0,CG,0.0003304816782474518,9,2.0016783147728394,0.9536748009968811,7,0.0
24,1000,100,1000,0.8,block,clustered,1.0,CG,0.0003208629786968231,8,2.229140079438788,0.940426726700824,8,0.0
24,1000,100,1000,0.8,block,clustered,1.0,CG,0.0003154031001031399,8,2.5774843391923428,0.9320632019604718,9,0.0
24,1000,100,1000,0.8,block,clustered,1.0,CG,0.00033075176179409027,9,2.2131654561847878,0.9409603320423109,10,0.0
24,1000,100,1000,0.8,block,clustered,1.0,LSQR,0.0011096280068159103,8,1.8566699615561466,0.9519754235514333,1,
24,1000,100,1000,0.8,block,clustered,1.0,LSQR,0.001069079153239727,8,2.084044971213202,0.9461854061835006,2,
24,1000,100,1000,0.8,block,clustered,1.0,LSQR,0.001067168079316616,8,2.3026434776562725,0.937933533999413,3,
24,1000,100,1000,0.8,block,clustered,1.0,LSQR,0.0010579582303762436,8,1.8928012619621928,0.9539658154536346,4,
24,1000,100,1000,0.8,block,clustered,1.0,LSQR,0.0010638381354510784,8,2.047835118166542,0.9427406537140504,5,
24,1000,100,1000,0.8,block,clustered,1.0,LSQR,0.0010627182200551033,8,1.9927233484998421,0.9601511510529311,6,
24,1000,100,1000,0.8,block,clustered,1.0,LSQR,0.0010607377626001835,8,2.0016783147728403,0.9536748011070115,7,
24,1000,100,1000,0.8,block,clustered,1.0,LSQR,0.0010806289501488209,8,2.229140079438788,0.940426726700824,8,
24,1000,100,1000,0.8,block,clustered,1.0,LSQR,0.0010723075829446316,8,2.5774843391923423,0.9320632019604718,9,
24,1000,100,1000,0.8,block,clustered,1.0,LSQR,0.0010815677233040333,8,2.213165456184789,0.9409603322331256,10,
24,1000,100,1000,0.8,block,clustered,1.0,LSMR,0.001130357850342989,8,1.8566699615561484,0.9519754235643506,1,
24,1000,100,1000,0.8,block,clustered,1.0,LSMR,0.0011201179586350918,8,2.084044971213203,0.9461854061942029,2,
24,1000,100,1000,0.8,block,clustered,1.0,LSMR,0.0011205975897610188,8,2.3026434776562734,0.9379335340093319,3,
24,1000,100,1000,0.8,block,clustered,1.0,LSMR,0.0010956190526485443,8,1.892801261962194,0.9539658154602622,4,
24,1000,100,1000,0.8,block,clustered,1.0,LSMR,0.0011050780303776264,8,2.0478351181665433,0.9427406537330126,5,
24,1000,100,1000,0.8,block,clustered,1.0,LSMR,0.00109148770570755,8,1.9927233484998448,0.9601511510770097,6,
24,1000,100,1000,0.8,block,clustered,1.0,LSMR,0.0010958188213407993,8,2.0016783147728443,0.9536748011282967,7,
24,1000,100,1000,0.8,block,clustered,1.0,LSMR,0.0010985876433551311,8,2.2291400794387903,0.9404267267186128,8,
24,1000,100,1000,0.8,block,clustered,1.0,LSMR,0.0010864478535950184,8,2.5774843391923454,0.9320632019791552,9,
24,1000,100,1000,0.8,block,clustered,1.0,LSMR,0.0011037481017410755,8,2.2131654561847927,0.9409603322728192,10,
